Budget, 10
05,, 10
absolute, 10
NrthE, 10
"Verma,, 10
at:, 10
assured, 10
""Why, 10
""No, 10
asap., 10
listed, 10
long,, 10
policies., 10
information., 10
ideas,, 10
profoundly, 10
Movement, 10
Poland, 10
needed., 10
substance, 10
eve, 10
memorial, 10
reducing, 10
flood, 10
intend, 10
May,, 10
veterans, 10
drafted, 10
Webb, 10
studied, 10
tasks, 10
explicitly, 10
everywhere, 10
originally, 10
23%, 10
spot, 10
suspension, 10
troubled, 10
growth,, 10
Royal, 10
indicate, 10
Stonebridge, 10
City,, 10
outrage, 10
Having, 10
worries, 10
sites, 10
4:20, 10
vacation, 10
enable, 10
Looking, 10
Admiral, 10
tracking, 10
intel, 10
members., 10
You'll, 10
latrines, 10
NI, 10
no-flight, 10
technologies, 10
Close, 10
graduate, 10
Alec, 10
'abedinh@state.gov', 10
parliament,, 10
sender, 10
coupled, 10
evolved, 10
dismissed, 10
cases,, 10
49%, 10
cross, 10
Poll, 10
psychology, 10
"Jim, 10
Turki, 10
seize, 10
OTR, 10
chairwoman, 10
"She, 10
enemy, 10
5:20, 10
banking, 10
GROUP, 10
monthly, 10
insiders, 10
judicial, 10
<a, 10
readers, 10
reelection, 10
NEA, 10
Baptist, 10
considerable, 10
changes., 10
worldwide., 10
result., 10
logistics, 10
poverty, 10
{, 10
opposing, 10
Cato, 10
remarks., 10
Police, 10
chosen, 10
Cath, 10
realized, 10
stalled, 10
Social, 10
"PVerveer, 10
Prot, 10
elite, 10
Update, 10
listened, 10
subcommittee, 10
PR, 10
restrictions, 10
"MS,, 10
of,, 10
Compact, 10
literally, 10
road., 10
Jesse, 10
U, 10
repeal, 10
-----", 10
toll, 10
cheryl.mills, 10
player, 10
Initiative, 10
decision., 10
cites, 10
Journal, 10
weapons,, 10
weapons., 10
Turkey., 10
can,, 10
War., 10
pending, 10
observations, 10
calculated, 10
"•, 10
Dec., 10
deepest, 10
pursuing, 10
religion., 10
dc, 10
3:05, 10
depends, 10
State's, 10
coherent, 10
marginal, 10
2007., 10
retreat, 10
insurgent, 10
states., 10
"Any, 10
absent, 10
Czech, 10
UNICEF, 10
regret, 10
extra, 10
BrnAgn, 10
typical, 10
""A, 10
aiding, 10
Eliot, 10
WFP, 10
Norwegian, 10
viable, 10
1995, 10
invitation, 10
blind, 10
striking, 10
Unlike, 10
price, 10
fifty, 10
discovered, 10
tackling, 10
dictator, 10
external, 10
countless, 10
steinberg, 10
complained, 10
another,, 10
either., 10
struck, 10
equivalent, 10
stark, 10
scanned, 10
Op-Ed, 10
peak, 10
pledges, 10
Evngl, 10
plain, 10
multinational, 10
Mercatus, 10
FROM, 10
lacks, 10
firmly, 10
Domenici, 10
Illinois, 10
terrible, 10
consultations, 10
scheme, 10
Officials, 10
Got, 10
Murdoch, 10
nations., 10
Republicans', 10
Tail, 10
hardline, 10
liked, 10
likes, 10
collected, 10
like,, 10
recalled, 10
wherever, 10
Gillibrand, 10
lawyers, 10
march, 10
ecial, 10
pro-Israel, 10
convey, 10
Lugar, 10
concerns,, 10
""To, 10
crossed, 10
far., 10
Europe's, 10
Gonzalez, 10
Exchange, 10
McChrystal., 10
Avenue,, 10
attending, 10
Tue,, 10
pivotal, 10
mind., 10
Lou, 10
quit, 10
mail, 10
Shanghai, 10
"Cherie, 10
fierce, 10
burden, 10
before., 10
RON, 10
"October, 10
noticed, 10
dynamic, 10
aide,, 10
affairs., 10
warns, 10
St., 10
root, 10
down,, 10
available., 10
aid., 10
coverage., 10
presidency,, 10
stepping, 10
briefed, 10
zone., 10
threw, 10
Marines, 10
declaring, 10
Cdm, 10
investments, 10
short-term, 10
doctrine, 10
stage,, 10
influencing, 10
handed, 10
Advisor, 10
DIALOGUE, 10
manages, 10
billionaire, 10
Deuel, 10
else., 10
enthusiasm, 10
---", 10
confused, 10
membership, 10
outline, 10
argues, 10
monitor, 10
finance, 10
girl, 10
Brock, 10
Teresa, 10
protected, 10
shocked, 10
sheets, 10
Province, 10
...", 10
Service,, 10
wonder, 10
12:05, 10
legislation., 10
visit,, 10
Carleto's, 10
roughly, 10
amounts, 10
careers, 10
regulations, 10
videos, 10
file, 10
Rehabilitation, 10
Van, 10
forget, 10
Ventures, 10
06/30/2015", 10
0.00%, 10
family's, 10
narratives, 10
compound, 10
citizens., 10
Common, 10
Governors, 10
permission, 10
possible.", 10
government."", 10
genuine, 10
sorry., 10
extremism, 10
integration, 10
Amorim, 10
Cross, 10
Commissioner, 10
Mormon, 10
Asia,, 10
bankers, 10
2004, 10
vicious, 10
Howard, 10
justification, 10
FT, 10
MDF, 10
bunch, 10
least,, 10
apologize, 10
""At, 10
Oil, 10
strikes, 10
gather, 10
}, 10
supporter, 10
SESSION, 10
fixed, 10
exists, 10
operations,, 10
finished, 10
Taitz, 10
46%, 10
volunteer, 10
2009),, 10
injured, 10
judgment, 10
ads, 10
board., 10
food,, 10
bus, 10
students,, 10
news,, 10
Dining, 10
problems,, 10
century,, 10
seeks, 10
Robinson,, 10
visible, 10
Brown., 10
im", 10
lasting, 10
Studies, 10
decades., 10
appeal., 10
roles, 10
isolated, 10
2006., 10
shots, 10
new,, 10
resist, 10
hopefully, 10
n, 10
"A, 10
complex, 10
greeted, 10
made., 10
Sat,, 10
apart, 10
escape, 10
SCA, 10
Hillary., 10
Muscatine, 10
stuck, 10
EST, 10
post., 10
Affairs,, 10
lead., 10
healthy, 10
handled, 10
Donilon, 10
inform, 10
Italian, 10
factors, 10
attracted, 10
Charles,, 10
impose, 10
Start, 10
necessarily, 10
Minister,, 10
prosperity, 10
hungry, 10
idea., 10
Saddam, 10
reveals, 10
invoked, 10
Bauer,, 10
myself, 10
Bank,, 10
reminded, 10
refusal, 10
relied, 10
justify, 10
schedule., 10
reduced, 10
9:25, 10
direction., 10
supposedly, 10
sticking, 10
flag, 10
questions., 10
agencies,, 10
Everyone, 10
$2, 10
Germans, 10
achievement, 10
investigate, 10
city,, 10
""How, 10
Italy, 10
Tim, 10
rid, 10
table., 10
fucking, 10
Channel, 10
refuses, 10
Simon, 10
Gore's, 10
fast, 10
highlight, 10
independents, 10
meaning, 10
joining, 10
votes,, 10
dramatically, 10
posture, 10
19th, 10
.ap_popover_sprited, 10
apply, 10
Land, 10
summer,, 10
campaigned, 10
flew, 10
8., 10
81, 10
afraid, 10
centre, 10
Thinking, 10
ground,, 10
ground., 10
wild, 10
"Lauren, 10
Within, 10
leak, 10
extension, 10
---, 10
treaty,, 11
trip.", 11
EDT, 11
Le, 11
currency, 11
provincial, 11
machine, 11
NrthW, 11
promotion, 11
types, 11
"To, 11
welcomed, 11
Ehud, 11
*Approx., 11
effects, 11
House's, 11
busy, 11
discuss.", 11
Laura, 11
money,, 11
fairly, 11
posed, 11
"Attached, 11
Keith, 11
constantly, 11
unanimous, 11
5:10, 11
findings, 11
Lt., 11
accomplished, 11
DOD, 11
believe,, 11
Lew,, 11
sector., 11
maintaining, 11
instability, 11
Either, 11
History, 11
sad, 11
destroy, 11
pages, 11
Leadership, 11
Ramat, 11
press., 11
allies,, 11
allies., 11
dimension, 11
"Huma, 11
Mullen, 11
Aung, 11
6:45, 11
members,, 11
refer, 11
burning, 11
back.", 11
watched, 11
Real, 11
causes, 11
hour., 11
(See, 11
Egypt,, 11
God,, 11
plan,, 11
respective, 11
France,, 11
appreciation, 11
Club, 11
M, 11
Alan, 11
they'd, 11
anxiety, 11
sex, 11
movie, 11
respondents, 11
acceptance, 11
suburbs, 11
reliable, 11
technical, 11
Coll, 11
leaning, 11
Newmyer, 11
governments,, 11
surprised, 11
specifically, 11
Holocaust, 11
chat, 11
fresh, 11
gathered, 11
5:05, 11
resulting, 11
involves, 11
outcomes, 11
33%, 11
tools, 11
Several, 11
Christmas, 11
educational, 11
element, 11
troop, 11
Miguel, 11
2003,, 11
accusing, 11
Reserve, 11
Paris, 11
committee,, 11
secretaries, 11
end., 11
PD, 11
PJ, 11
"Could, 11
transparent, 11
troubling, 11
function, 11
Chelsea, 11
count, 11
Petraeus's, 11
monday, 11
Dems, 11
Brainard, 11
Collins, 11
Amazon, 11
award, 11
society,, 11
Carlos, 11
consent, 11
versus, 11
Berlin, 11
Omar, 11
Bibi's, 11
oppose, 11
(as, 11
organize, 11
Additionally,, 11
solely, 11
Institute., 11
religion,, 11
Jackson, 11
Indonesian, 11
handful, 11
receives, 11
wider, 11
Arkin, 11
east, 11
mistake, 11
tonight,, 11
constructive, 11
Near, 11
accepts, 11
physical, 11
Sept., 11
Cntrl, 11
2:35, 11
INR, 11
INC, 11
productive, 11
Barak, 11
Sheet, 11
consulting, 11
wealthy, 11
en, 11
148,, 11
Caroline, 11
nonprofit, 11
yourself, 11
<MillsCD©state.gov>, 11
USIP, 11
Tauzin, 11
actively, 11
Johnson, 11
suspected, 11
embrace, 11
blackberry, 11
Marc, 11
Earlier, 11
throw, 11
testimony, 11
beliefs, 11
pointing, 11
Barnett, 11
requiring, 11
Secretary., 11
Secretary:, 11
wrote,, 11
capability, 11
(Reuters), 11
expecting, 11
minutes., 11
Michelle, 11
famous, 11
Forwarded, 11
Douglas, 11
ought, 11
Qatar, 11
clear,, 11
Kurt", 11
$, 11
lacking, 11
describing, 11
Pittsburgh, 11
statistics, 11
properly, 11
themselves,, 11
A;, 11
e, 11
University,, 11
download, 11
addresses, 11
links, 11
Reidel, 11
Ford,, 11
pursued, 11
April,, 11
endless, 11
""has, 11
contain, 11
minds, 11
Ann, 11
will., 11
destruction, 11
background-image:, 11
enormously, 11
source,, 11
CNN's, 11
department's, 11
yes., 11
Rayburn, 11
determination, 11
reforms, 11
me?, 11
oscar, 11
Corporation, 11
overcome, 11
combination, 11
24%, 11
signature, 11
approach,, 11
presidency., 11
coup, 11
Fred, 11
tolerance, 11
height, 11
tiny, 11
now?, 11
entitled, 11
materials, 11
Michele, 11
Nobody, 11
"One, 11
stages, 11
journey, 11
Mahmoud, 11
flexibility, 11
intense, 11
Kurdistan, 11
here.", 11
undermined, 11
""no, 11
Key, 11
11:50, 11
ISI, 11
broadcast, 11
formaldehyde, 11
1), 11
Flores, 11
killers, 11
Right, 11
2011., 11
"Strobe, 11
doing., 11
cancel, 11
borders, 11
conference., 11
totally, 11
Sharif, 11
November., 11
November,, 11
Vietnam, 11
conducting, 11
decisive, 11
Contact:, 11
depth, 11
48%, 11
grassroots, 11
Westchester, 11
talk., 11
think?", 11
mothers, 11
Services,, 11
entry, 11
struggling, 11
association, 11
harm, 11
mental, 11
""not, 11
Japan,, 11
response., 11
appropriations, 11
matter., 11
wage, 11
"There, 11
scale, 11
30%, 11
boys, 11
tomorrow's, 11
Asia., 11
Constitutional, 11
Declan, 11
arrange, 11
Video, 11
military's, 11
scandal, 11
closing, 11
insisting, 11
FCO:, 11
""As, 11
al-Qaeda, 11
saying,, 11
thanks., 11
wear, 11
ASEAN, 11
citizenship, 11
soft, 11
pin, 11
Colombian, 11
Mitt, 11
Go, 11
Mitch, 11
terms,, 11
military., 11
shoot, 11
ceremony, 11
counterterrorism, 11
Spain, 11
history., 11
MOD:, 11
time."", 11
Search, 11
fashion, 11
Room., 11
flow, 11
Per, 11
36%, 11
however, 11
drugs, 11
Independent, 11
decision-making, 11
NoColl, 11
February,, 11
rumor, 11
public's, 11
attack., 11
rely, 11
42%, 11
alternatives, 11
questions:, 11
denounced, 11
sports, 11
India's, 11
adequately, 11
'millscd@state.gov', 11
district, 11
Love, 11
Labour's, 11
Hebrew, 11
terrorism,, 11
convoy, 11
expectation, 11
B5,B6", 11
all.", 11
subsequent, 11
duty, 11
Barbara, 11
I,, 11
possible,, 11
mutually, 11
'preines, 11
summit., 11
website., 11
earlier,, 11
there.", 11
WstCnt, 11
naval, 11
difficulty, 11
chain, 11
proceed, 11
People's, 11
debate,, 11
departure, 11
Burns,, 11
teach, 11
generate, 11
feed, 11
outstanding, 11
76, 11
you!", 11
robust, 11
SthE, 11
SthW, 11
places,, 11
tables, 11
B5,B6, 11
ignore, 11
Email, 11
hatred, 11
resistance, 11
votes., 11
dissidents, 11
Enjoy, 11
Wiking, 11
7pm, 11
tenure, 11
Nations,, 11
follows:, 11
unknown, 11
BREAKFAST, 11
many,, 11
knowing, 11
tactical, 11
provinces, 11
Jun, 11
agreements, 11
Staff,, 11
October,, 11
9:40, 11
routinely, 11
rapid, 11
supply, 11
RECEPTION, 11
Suu, 11
14th, 11
Following, 11
this:, 11
candidates,, 12
Ansar, 12
hero, 12
controversy, 12
around., 12
around,, 12
headquarters, 12
keeps, 12
CFR, 12
ranging, 12
policies,, 12
Lisbon, 12
men., 12
S/P, 12
ambitions, 12
Campbell, 12
distribute, 12
portrayed, 12
birth, 12
left., 12
enemies, 12
Facebook, 12
MPs, 12
Think, 12
proven, 12
11:40, 12
brilliant, 12
divided, 12
recipients, 12
"Let, 12
decade,, 12
spoke., 12
much,, 12
prospect, 12
afternoon,, 12
printed, 12
managing, 12
teens, 12
motives, 12
consultant, 12
devolved, 12
preference, 12
taught, 12
Read, 12
Mexico,, 12
9/11, 12
(if, 12
meetings., 12
propose, 12
it", 12
great., 12
tonite, 12
Report, 12
Palestine, 12
factor, 12
obscure, 12
Todd, 12
Sodini, 12
"Happy, 12
Limited, 12
11:20, 12
Marine, 12
senate, 12
deserves, 12
contributor, 12
NEW, 12
exposed, 12
Hagee, 12
odd, 12
Freedom, 12
Community, 12
outlined, 12
Sam, 12
books, 12
surely, 12
regulatory, 12
al-Qaida, 12
45%, 12
UN/, 12
Huckabee, 12
schools,, 12
conclude, 12
Gen, 12
executives, 12
negotiations,, 12
roads, 12
out.", 12
repeat, 12
"Per, 12
go.", 12
Gaza., 12
decision,, 12
approximately, 12
week.", 12
Instead, 12
latter, 12
Luce, 12
yours, 12
anniversary, 12
witnesses, 12
elsewhere., 12
FYI,, 12
Feb., 12
flexible, 12
applied, 12
counterparts, 12
Biden's, 12
honored, 12
Left, 12
creative, 12
aggressively, 12
Dean, 12
3:20, 12
marked, 12
incidents, 12
no., 12
rebuilding, 12
caught, 12
Conference,, 12
investors, 12
Tauscher, 12
typically, 12
8:40, 12
Jose, 12
Post,, 12
"On, 12
Stevens,, 12
finish, 12
efforts., 12
speed, 12
momentum, 12
E, 12
Southeast, 12
fraud, 12
surrounded, 12
story., 12
Re:", 12
"So, 12
SS, 12
"MS, 12
phrase, 12
motivated, 12
mobile, 12
northern, 12
Published:, 12
threaten, 12
pact, 12
pace, 12
Dinner, 12
OAS, 12
informal, 12
Little, 12
trends, 12
Economy, 12
Moscow, 12
father,, 12
abroad, 12
placing, 12
b/I, 12
themselves., 12
militants, 12
Award, 12
friendly, 12
Nor, 12
focuses, 12
weren't, 12
Appropriations, 12
competing, 12
02,, 12
achievements, 12
w/REGIONAL, 12
Juarez's, 12
revealed, 12
distinguished, 12
Libyans, 12
tactic, 12
impression, 12
prayers, 12
admit, 12
Boehner,, 12
thanked, 12
VerveerMS@state.gov", 12
thereby, 12
Azerbaijan, 12
times., 12
"I'd, 12
Arizona, 12
12:10, 12
""I've, 12
Cairo, 12
operatives, 12
seats,, 12
relationship., 12
mine, 12
Valmoro,, 12
wearing, 12
Leaders, 12
weekend,, 12
contrast,, 12
referendum, 12
entered, 12
particular,, 12
moratorium, 12
murders, 12
advocate, 12
states,, 12
justice., 12
for., 12
for,, 12
themes, 12
suffered, 12
"We'll, 12
review., 12
arrive, 12
ranking, 12
map, 12
staying, 12
grow, 12
Commerce, 12
Black, 12
checks, 12
Action, 12
site,, 12
stepped, 12
[10, 12
(he, 12
organizing, 12
Evnglcl, 12
assets, 12
Points, 12
(2), 12
creates, 12
Cameron's, 12
extraordinary, 12
Eikenberry,, 12
""She, 12
solid, 12
Cheney, 12
Administration., 12
12:40, 12
jobs., 12
involving, 12
explaining, 12
Cherie, 12
that."", 12
privately, 12
name., 12
Today's, 12
praise, 12
preferred, 12
re:, 12
allied, 12
south, 12
completed, 12
Airways, 12
occasion, 12
ambiguity, 12
bear, 12
Again,, 12
pattern, 12
operations., 12
practice, 12
Office,, 12
deployment, 12
<SlaughterA@state.gov>, 12
crusade, 12
47, 12
news., 12
CLNTINET08.clinton.local, 12
7:45, 12
March,, 12
aftermath, 12
Support, 12
noting, 12
Tories', 12
2:05, 12
group's, 12
1967, 12
devastating, 12
solutions, 12
hostility, 12
bureaucratic, 12
"-, 12
appearing, 12
effort,, 12
attack,, 12
5%, 12
chapter, 12
sustained, 12
latrines,, 12
group., 12
Bruce, 12
guilty, 12
10:10, 12
parliamentary, 12
Terms, 12
fourth, 12
exclusive, 12
he'd, 12
platform, 12
coordinated, 12
gaps, 12
theory, 12
return., 12
MONDAY, 12
VIDEOS, 12
libya, 12
65, 12
67, 12
spirit, 12
cash, 12
inability, 12
blow, 12
communication, 12
racist, 12
call?, 12
call,, 12
Ross, 12
Christians, 12
Standard, 12
debate., 12
Tomorrow, 12
10:50, 12
style, 12
Gates,, 12
hotel, 12
interview., 12
windows, 12
city., 12
numerous, 12
prescription, 12
interests,, 12
question,, 12
■, 12
secretary,, 12
problem,, 12
settlers, 12
"H:, 12
Thanks., 12
article,, 12
Moreover,, 12
profound, 12
Which, 12
chaos, 12
clip, 12
deny, 12
colleagues., 12
colleagues,, 12
true,, 12
candidate,, 12
ideas., 12
"Calling, 12
wall, 12
CDM, 12
units, 12
provisions, 12
Bilateral, 12
urges, 12
tactics, 12
Maria, 12
straight, 13
Sandy, 13
27%, 13
contributed, 13
90, 13
reviewing, 13
hoc, 13
fit, 13
Smith,, 13
checked, 13
camp, 13
theme, 13
WJC's, 13
recipient.", 13
societies, 13
25%, 13
trusted, 13
split, 13
shadow, 13
soon.", 13
raises, 13
roll, 13
falling, 13
MP, 13
Emanuel,, 13
agenda,, 13
parades, 13
establishing, 13
small,, 13
Laszczych,, 13
intends, 13
Party., 13
think., 13
Benghazi., 13
favorite, 13
trips, 13
tight, 13
door, 13
foundations, 13
attitude, 13
rapidly, 13
Lavrov, 13
guess, 13
threatening, 13
first., 13
condolences, 13
attacking, 13
Has, 13
secular, 13
carrying, 13
31%, 13
Florida, 13
prospects, 13
Mousavi, 13
Ireland,, 13
consulate, 13
level., 13
Mary, 13
citing, 13
pledge, 13
Madam, 13
Friends, 13
Greece, 13
important,, 13
important., 13
outlines, 13
things,, 13
Speech, 13
majority., 13
worldwide, 13
Asked, 13
well.", 13
Friedman, 13
Inside, 13
centrist, 13
letters, 13
Rice,, 13
controversial, 13
officially, 13
items, 13
stressed, 13
Gaza,, 13
theories, 13
meaningful, 13
filibuster, 13
enforcement, 13
covering, 13
Board, 13
"And, 13
responding, 13
perceived, 13
upper, 13
Bahtiyar, 13
Democrat,, 13
troops., 13
police., 13
Syria, 13
friends,, 13
3:45, 13
closest, 13
valuable, 13
renewed, 13
treatment, 13
Udall, 13
Woodrow, 13
hire, 13
organizations,, 13
are., 13
Otherwise,, 13
confidential, 13
1pm, 13
answers, 13
Holbrooke,, 13
fine., 13
system,, 13
Posted, 13
sponsored, 13
"I'll, 13
contacts, 13
forces., 13
b/c, 13
647, 13
Politics, 13
"In, 13
time:, 13
hostile, 13
be,, 13
own., 13
June,, 13
Economics, 13
strange, 13
frequently, 13
Nelson, 13
persuaded, 13
Knesset, 13
portion, 13
updates, 13
Qaeda, 13
Privacy, 13
amazing, 13
Ali, 13
grant, 13
weakness, 13
Bush,, 13
anti-, 13
Attorney, 13
urgency, 13
Organization, 13
""On, 13
matters., 13
38%, 13
distinction, 13
C., 13
defeated, 13
Newt, 13
dignity, 13
Party's, 13
magazine, 13
Geithner, 13
Alliance, 13
correct, 13
Stone, 13
11:55, 13
CLINTON:, 13
Beck's, 13
arguing, 13
assault, 13
awareness, 13
summary, 13
Each, 13
maintained, 13
Taliban,, 13
UNGA, 13
broken, 13
1:20, 13
titled, 13
perspective, 13
abroad., 13
Hitler, 13
mtgs, 13
minimum, 13
hours., 13
existence, 13
2), 13
they'll, 13
twenty, 13
commentary, 13
weigh, 13
Granger, 13
11th, 13
WHITE, 13
Millennium, 13
clips, 13
Tunisia, 13
teams, 13
other., 13
Professor, 13
----", 13
Intelligence, 13
Jennifer, 13
stock, 13
Guards, 13
Beast, 13
Association, 13
nobody, 13
expected., 13
implementing, 13
freely, 13
done,, 13
tremendous, 13
PhRMA, 13
movement's, 13
II, 13
sets, 13
28%, 13
highlighting, 13
morning.", 13
pis, 13
areas,, 13
Pennsylvania, 13
indeed,, 13
@, 13
selected, 13
badly, 13
Four, 13
Holy, 13
encouraging, 13
role,, 13
company's, 13
Edward, 13
hearts, 13
54, 13
2:20, 13
Life, 13
talk?", 13
row, 13
Columbia, 13
Lew, 13
Nov., 13
abandon, 13
wrong., 13
succeeded, 13
ultimately, 13
tensions, 13
shouldn't, 13
million., 13
Haaretz, 13
Harvard, 13
caucus, 13
missions, 13
FISA, 13
insist, 13
resentment, 13
reminder, 13
events., 13
event., 13
rose, 13
DeMint, 13
FBI, 13
deserve, 13
Durbin, 13
lawmakers, 13
guns, 13
tragedy, 13
e.g.,, 13
libertarian, 13
Samuel, 13
Zionist, 13
72, 13
uniform, 13
Shannon, 13
PHIL, 13
""Obama, 13
income, 13
chose, 13
ones., 13
column, 13
Shuttle, 13
integrated, 13
Amb, 13
proposing, 13
operational, 13
(The, 13
unclear, 13
Staff:, 13
audiences, 13
lobby, 13
protesters, 13
Cooperation, 13
past., 13
himself,, 13
intention, 13
incredibly, 13
scholar, 14
Three, 14
replace, 14
strike, 14
listen, 14
bomb, 14
money., 14
Baghdad, 14
left,, 14
Korea,, 14
intent, 14
scope, 14
afford, 14
Brian, 14
monitoring, 14
Islam, 14
records, 14
structures, 14
dispute, 14
job,, 14
tribal, 14
trip,, 14
(1), 14
Jm", 14
Aug, 14
tested, 14
(with, 14
plan., 14
""is, 14
shock, 14
belief, 14
definition, 14
dependent, 14
captured, 14
Mack, 14
Pakistanis, 14
yet,, 14
eager, 14
Look, 14
647-7288, 14
647-7283, 14
S/SRGIA, 14
elsewhere, 14
Center,, 14
Betsy, 14
they've, 14
Blk, 14
occurred, 14
CLINTON, 14
Ryan, 14
accounts, 14
witness, 14
PC, 14
PA, 14
Forum, 14
Company, 14
increases, 14
gained, 14
distribution, 14
variety, 14
Watch, 14
Slaughter,, 14
forth, 14
list.", 14
War,, 14
manner, 14
Institute,, 14
notion, 14
(AP), 14
Group., 14
camps, 14
O'Keefe, 14
Kochs', 14
lowest, 14
same., 14
7:15, 14
division, 14
F, 14
future,, 14
et, 14
honest, 14
nominees, 14
this.", 14
Team, 14
proved, 14
tradition, 14
coordinate, 14
values., 14
efforts,, 14
greatly, 14
deadline, 14
losses, 14
advertising, 14
"My, 14
Boston, 14
Kentucky, 14
hired, 14
Note:, 14
with,, 14
with., 14
Republicans., 14
withdrawal, 14
protecting, 14
California, 14
Dennis, 14
questioned, 14
NW,, 14
congressman, 14
Secy's, 14
STATEMENT, 14
Latest, 14
wave, 14
underscore, 14
;, 14
formally, 14
Miami, 14
activist, 14
TAPPER:, 14
9:55, 14
Hvn, 14
upset, 14
"Got, 14
tens, 14
a.m., 14
controlled, 14
B., 14
expansion, 14
PHOTOS, 14
Gingrich, 14
Besides, 14
updated, 14
today:, 14
10., 14
complicated, 14
6805, 14
loyalty, 14
featured, 14
floor,, 14
begins, 14
contribution, 14
Syrian, 14
Germany's, 14
meets, 14
regarded, 14
article., 14
Foundation,, 14
12:20, 14
suspect, 14
earthquake, 14
fly, 14
202, 14
normal, 14
relative, 14
Democrats', 14
LUNCH, 14
promising, 14
""What, 14
practical, 14
community., 14
"Great, 14
itself,, 14
itself., 14
suburban, 14
recall, 14
Fuchs, 14
engaging, 14
initiatives, 14
militant, 14
service., 14
recipient's, 14
reverse, 14
leadership,, 14
Nothing, 14
interagency, 14
helps, 14
regions, 14
ABC, 14
agricultural, 14
i.e.,, 14
Without, 14
anything,, 14
control., 14
defining, 14
arrangements, 14
proximity, 14
match, 14
admitted, 14
supportive, 14
Baker, 14
Questions, 14
billions, 14
deaths, 14
"Slaughter,, 14
7516, 14
settled, 14
feelings, 14
attract, 14
guarantee, 14
Japanese, 14
"Call, 14
40%, 14
destroyed, 14
Hill,, 14
Luntz, 14
AFB, 14
adopted, 14
effectiveness, 14
Podesta, 14
Adams, 14
shortly, 14
detained, 14
judge, 14
GMT, 14
2004,, 14
Jan., 14
say., 14
case., 14
mainly, 14
Kenya, 14
array, 14
AT&T", 14
confirmation, 14
trafficking, 14
terrorism., 14
cities, 14
quiet, 14
Madame, 14
life., 14
event,, 14
Ganley, 14
Camp, 14
Later, 14
_, 14
Britain's, 14
ICM, 14
acting, 14
Morocco, 14
debates, 14
breaking, 14
feet, 14
sympathy, 14
[drive, 14
objective, 14
Plan, 14
Con, 14
Blair's, 14
stable, 14
crisis,, 14
issue,, 14
dealt, 14
happened., 14
80, 14
institution, 14
""to, 14
takeover, 14
Sun, 14
11., 14
Jonathan, 14
employment, 14
Science, 14
accomplish, 14
Clegg, 15
wjc, 15
Until, 15
report,, 15
DINNER, 15
39%, 15
2008., 15
D.C., 15
extend, 15
demanded, 15
Sorry, 15
"Also, 15
unique, 15
authorized, 15
statement,, 15
extremist, 15
Sir, 15
ourselves, 15
Jimmy, 15
you?", 15
aside, 15
slow, 15
s, 15
(T), 15
(a, 15
weekly, 15
Guantanamo, 15
noon, 15
think,, 15
legacy, 15
life,, 15
parties., 15
impact., 15
course., 15
Brussels, 15
ally, 15
interviewed, 15
Google, 15
occupation, 15
know.", 15
church, 15
concrete, 15
doors, 15
suffering, 15
link, 15
nationalist, 15
walked, 15
[the, 15
later., 15
device, 15
Karzai's, 15
process"", 15
ends, 15
Schedule, 15
arrest, 15
room., 15
desk, 15
Military, 15
tomorrow?", 15
envoy, 15
Weiner, 15
the., 15
reasonable, 15
Taab, 15
interest., 15
campaigns, 15
B, 15
""an, 15
DC., 15
41%, 15
negotiation, 15
aim, 15
2007,, 15
yet.", 15
test, 15
revolution, 15
43%, 15
topic, 15
Radio, 15
embassies, 15
provision, 15
2005., 15
inevitable, 15
BUREAU, 15
Empey, 15
learning, 15
"Of, 15
"How, 15
listening, 15
Raj, 15
RICE:, 15
assumed, 15
details., 15
Gov., 15
(see, 15
broke, 15
stayed, 15
reflected, 15
ratings, 15
Islamist, 15
signal, 15
AMS, 15
concerns., 15
"Jake, 15
announcing, 15
"If, 15
list., 15
Rolling, 15
below,, 15
tend, 15
official., 15
limits, 15
Los, 15
treat, 15
Qaddafi, 15
detail, 15
demonstrated, 15
north, 15
Chamber, 15
""My, 15
lights, 15
Axelrod, 15
York., 15
beaten, 15
unpopular, 15
grown, 15
he'll, 15
failing, 15
govt, 15
intellectual, 15
lies, 15
Draft, 15
manager, 15
die, 15
sharing, 15
avoiding, 15
call?", 15
developments, 15
yes,, 15
ministry, 15
Apr, 15
Welch, 15
gathering, 15
postconflict, 15
Stephen, 15
media., 15
media,, 15
deployed, 15
dramatic, 15
sound, 15
Reines,, 15
Envoy, 15
amendments, 15
reluctant, 15
lawyer, 15
airport, 15
eye, 15
sharp, 15
El, 15
family,, 15
doctors, 15
remove, 15
Yeo, 15
politician, 15
shape, 15
Christopher, 15
chamber, 15
WtBrnAgn, 15
Street,, 15
invite, 15
immigration, 15
Books, 15
Presentation, 15
Long, 15
presidents, 15
subsequently, 15
Mother, 15
facilitate, 15
Goldman, 15
regularly, 15
timing, 15
Jamal, 15
appearance, 15
promoted, 15
proper, 15
McChrystal,, 15
CEO, 15
Europeans, 15
enjoy, 15
supplies, 15
represented, 15
Sick, 15
Lauren", 15
widespread, 15
newly, 15
Academy, 15
decades,, 15
to,, 15
plenty, 15
boss, 15
Remarks, 15
McConnell, 15
58, 15
successfully, 15
Much, 15
op-ed, 15
Cuba, 15
Still, 15
younger, 15
landed, 15
trend, 15
health,, 15
health., 15
Foggy, 15
hours,, 15
equality, 15
motion, 15
trillion, 15
urge, 15
Colonel, 15
Note, 15
bodies, 15
""That, 15
Yes., 15
Haitians, 15
suddenly, 15
markets, 15
stick, 15
Senate., 15
Mideast, 15
challenging, 15
Armed, 15
Heyman, 15
People, 15
Larry, 15
8:35, 15
sold, 15
advise, 15
Ron, 15
sections, 15
filed, 15
bills, 15
coordinating, 15
agreement., 15
State,, 15
adoption, 15
past,, 15
himself., 15
surge, 15
Ted, 15
this?, 15
branch, 15
Qadhafi, 16
Ronald, 16
report., 16
error, 16
unit, 16
circumstances, 16
Forman, 16
fix, 16
Part, 16
enormous, 16
too.", 16
Agency, 16
Senators, 16
fail, 16
Hamas, 16
thing., 16
opinions, 16
innocent, 16
p.m., 16
Europe., 16
studies, 16
Voters, 16
suggesting, 16
time.", 16
bureau, 16
undermine, 16
thousand, 16
dark, 16
attacks,, 16
detailed, 16
Atlantic, 16
caused, 16
contrast, 16
<preines, 16
Hamid, 16
guest, 16
Summit, 16
barely, 16
Palau's, 16
today?, 16
and/or, 16
side., 16
consistently, 16
delivering, 16
pieces, 16
WORKING, 16
Denis, 16
perfect, 16
Agreement, 16
WASHINGTON, 16
book., 16
AFFAIRS, 16
News,, 16
Whether, 16
frame, 16
Presidents, 16
drawing, 16
202-647-5548., 16
Sarkozy, 16
Gelb, 16
housing, 16
delivery, 16
contribute, 16
lift, 16
settlements., 16
affected, 16
"Madame, 16
Doug, 16
condemned, 16
Jiloty, 16
concept, 16
gun, 16
Attached, 16
3:25, 16
F.M., 16
product, 16
Re, 16
acknowledge, 16
window, 16
entirely, 16
significantly, 16
card, 16
Times., 16
size, 16
Inc., 16
terrific, 16
equipment, 16
professional, 16
Lieberman, 16
""These, 16
Principals, 16
rebuild, 16
worry, 16
intervention, 16
soldier, 16
St, 16
excuse, 16
fm, 16
turnout, 16
2001., 16
Kissinger, 16
success., 16
Industries, 16
grand, 16
uses, 16
accountability, 16
AQ, 16
Tuesday., 16
position., 16
manage, 16
Supreme, 16
"It, 16
legitimate, 16
(though, 16
harder, 16
AIPAC, 16
Petraeus,, 16
w/ASSISTANT, 16
rumors, 16
Well,, 16
affect, 16
vast, 16
wars, 16
flotilla, 16
advancing, 16
luck, 16
surprise, 16
message", 16
Others, 16
Regional, 16
education,, 16
propaganda, 16
covers, 16
militias, 16
marks, 16
proposals, 16
targets, 16
647-2972", 16
council, 16
Senate's, 16
occupied, 16
complaints, 16
miles, 16
Brown's, 16
Taliban., 16
(who, 16
movement,, 16
extensive, 16
jake, 16
Democracy, 16
US,, 16
founded, 16
Bureau, 16
speeches, 16
strategies, 16
Governor, 16
Llosa, 16
Uighurs, 16
public., 16
2002, 16
Powell, 16
Prosperity, 16
road, 16
business,, 16
though,, 16
shuttle, 16
panel, 16
Japan, 16
ambassadors, 16
–, 16
estimated, 16
century., 16
company,, 16
Liberal, 16
Derek, 16
go., 16
onto, 16
reputation, 16
Afghanistan's, 16
breaks, 16
57, 16
Washington's, 16
[5, 16
good.", 16
Administration's, 16
mission., 16
columnist, 16
Oslo, 16
mood, 16
Yes,, 16
briefly, 16
allows, 16
glad, 16
talks,, 16
L, 16
framework, 16
bigger, 16
leverage, 16
risks, 16
70, 16
initially, 16
decline, 16
unprecedented, 16
adviser,, 16
province, 16
East,, 16
concessions, 16
NTC, 16
conflict,, 16
patients, 16
incident, 16
Unfortunately,, 16
articulate, 16
""in, 16
correspondent, 16
Then,, 16
smart, 16
conclusion, 16
Singapore, 16
murdered, 16
Chiefs, 16
ideological, 16
reporter, 17
hurt, 17
pursue, 17
L., 17
Huma;, 17
Work, 17
was,, 17
remind, 17
resulted, 17
'I, 17
below", 17
"FYI., 17
addressing, 17
Stormont, 17
groups., 17
Harry, 17
follow-up, 17
Kurdish, 17
section, 17
lobbyist, 17
pick, 17
condemn, 17
blacks, 17
this?", 17
am.", 17
improved, 17
influential, 17
Labor, 17
primarily, 17
side,, 17
age, 17
Energy, 17
illegal, 17
delay, 17
volunteers, 17
Treasury, 17
shut, 17
Review, 17
atmosphere, 17
principal, 17
Thursday., 17
taxes, 17
labor, 17
highlighted, 17
disapproval, 17
vote?, 17
red, 17
balance, 17
satisfied, 17
Committee,, 17
phase, 17
Buckley, 17
Lewis, 17
Republican,, 17
term., 17
Kerry, 17
INTERVIEW, 17
expertise, 17
Mission, 17
hadn't, 17
Walter, 17
opened, 17
space, 17
REMARKS, 17
truly, 17
Boehner's, 17
them."", 17
60%, 17
Executive, 17
Take, 17
www.chathamhouse.org.uk, 17
sustain, 17
Haiti's, 17
invasion, 17
house., 17
Israeli-Palestinian, 17
partnerships, 17
grew, 17
lived, 17
partly, 17
bureaus, 17
strategy,, 17
strategy., 17
Woodward, 17
PHOTO, 17
Back, 17
camera, 17
Claire, 17
call.", 17
be., 17
Africa,, 17
emerging, 17
earned, 17
friend,, 17
20520, 17
Russians, 17
Civil, 17
temporary, 17
message,, 17
Nixon, 17
starts, 17
Egyptian, 17
Kennedy,, 17
'sbwhoeop, 17
praised, 17
Orthodox, 17
till, 17
14%, 17
emailed, 17
participated, 17
tour, 17
educated, 17
movement., 17
substantive, 17
accountable, 17
serves, 17
community,, 17
HRC", 17
Palestinians., 17
narrow, 17
Constitution, 17
governance, 17
percentage, 17
rebels, 17
carefully, 17
Megan, 17
constant, 17
line., 17
responsibilities, 17
Print, 17
progress., 17
permanent, 17
children., 17
(in, 17
forum, 17
military,, 17
excellent, 17
ultimate, 17
history,, 17
W, 17
2006,, 17
situation., 17
56, 17
Hillsborough, 17
Jalil, 17
posts, 17
Red, 17
memory, 17
attended, 17
emphasis, 17
allegations, 17
crime, 17
contract, 17
Phil, 17
careful, 17
Albright, 17
alleged, 17
Bottom, 17
Joseph, 17
year's, 17
family., 17
foreign-policy, 17
securing, 17
negotiate, 17
Dear, 17
Food, 17
confront, 17
commanders, 17
militia, 17
credible, 17
East., 17
deal,, 17
mainstream, 17
priorities., 17
rape, 17
"Yes., 17
weeks., 17
supports, 17
Jan, 17
York-LaGuardia, 17
diplomat, 17
Matt, 17
Downing, 17
Institution, 17
who's, 17
Holbrooke's, 17
rare, 17
fired, 17
ruling, 17
therefore, 18
threatened, 18
presidency, 18
647-9071, 18
corps, 18
M., 18
seriously, 18
Article, 18
Patrick, 18
Wed,, 18
Palin's, 18
combined, 18
diplomacy,, 18
formed, 18
newspaper, 18
technology, 18
aspects, 18
racial, 18
city's, 18
detention, 18
Department., 18
objectives, 18
first,, 18
sell, 18
expanded, 18
consensus, 18
result,, 18
ministers, 18
lock, 18
handle, 18
35%, 18
mayor, 18
classified, 18
crimes, 18
ill, 18
attacked, 18
Shah, 18
turns, 18
INGO, 18
"Am, 18
retired, 18
recently,, 18
car, 18
dedicated, 18
it."", 18
Members, 18
are,, 18
banks, 18
referred, 18
2001,, 18
substantial, 18
multilateral, 18
France, 18
Tehran, 18
sensitive, 18
territory, 18
governor, 18
Approve, 18
remaining, 18
AM,, 18
quality, 18
"Sounds, 18
high-level, 18
fyi", 18
that.", 18
Microsoft, 18
"That, 18
is., 18
sees, 18
point,, 18
January,, 18
program., 18
advised, 18
6:10, 18
merely, 18
lobbying, 18
discuss., 18
development., 18
conspiracy, 18
otherwise, 18
considering, 18
Abedin;, 18
Brunner, 18
achieving, 18
acts, 18
role., 18
Disapprove, 18
visiting, 18
gay, 18
PREP, 18
Hvn't, 18
bin, 18
O, 18
goods, 18
Verveer, 18
2003, 18
"That's, 18
Business, 18
midterm, 18
44%, 18
added,, 18
Gary, 18
defend, 18
team,, 18
Interior, 18
Dirksen, 18
Rove, 18
journalist, 18
recommendation, 18
introduced, 18
guard, 18
repeated, 18
sleep, 18
general,, 18
leaves, 18
Lord, 18
demanding, 18
enter, 18
"Cheryl, 18
murder, 18
solution., 18
civic, 18
differences, 18
sometime, 18
best., 18
speaks, 18
qualified, 18
Cheryl,, 18
encouraged, 18
commitments, 18
blog, 18
action., 18
provides, 18
Oct, 18
traveled, 18
points., 18
Zionism, 18
finding, 18
donor, 18
7., 18
75, 18
behavior, 18
away., 18
Nation, 18
About, 18
Americans., 18
associated, 18
maternal, 18
abuse, 18
weeks,, 18
choose, 18
covered, 18
conflict., 18
bought, 18
ensuring, 18
abandoned, 18
nation., 19
academic, 19
prison, 19
slightly, 19
power-sharing, 19
Wht, 19
pulled, 19
Verizon, 19
revised, 19
representing, 19
laws, 19
aggressive, 19
groups,, 19
trip., 19
officials., 19
Russia,, 19
TBD, 19
focusing, 19
forward,, 19
preparing, 19
Steinberg, 19
backing, 19
spring, 19
democracy,, 19
fewer, 19
4:45, 19
btw, 19
Haqqani, 19
expand, 19
"8:25, 19
now", 19
convince, 19
CIA, 19
NYT, 19
League, 19
elections., 19
society., 19
recovery, 19
bank, 19
37%, 19
people's, 19
Soviet, 19
term,, 19
FYI., 19
countries,, 19
requests, 19
Fwd:, 19
Citizens, 19
born, 19
devoted, 19
seemingly, 19
serving, 19
shown, 19
receiving, 19
care,, 19
charged, 19
"Good, 19
you!, 19
describe, 19
Monica, 19
pledged, 19
inspired, 19
anytime, 19
Sun,, 19
miss, 19
clean, 19
guide, 19
block, 19
forces,, 19
Irish, 19
ordered, 19
visit., 19
Am, 19
Greek, 19
Mrs, 19
Figures, 19
advocates, 19
university, 19
precisely, 19
winner, 19
bases, 19
view,, 19
Preliminary, 19
Stanley, 19
rescue, 19
facilities, 19
WHA, 19
Lib, 19
Monroe, 19
Planning, 19
message., 19
voters., 19
do", 19
principle, 19
attempts, 19
Free, 19
Georgetown, 19
can., 19
fighters, 19
identify, 19
facts, 19
somehow, 19
African-American, 19
round, 19
Tbd, 19
Court, 19
acknowledged, 19
representatives, 19
seat, 19
legitimacy, 19
dates, 19
Lanka, 19
assist, 19
solve, 19
wife,, 19
up.", 19
fill, 19
founder, 19
PRIME, 19
stood, 19
ahead., 19
driving, 19
extended, 19
E., 19
compromise, 19
Power, 19
resolve, 19
Richards, 19
Council,, 19
excited, 19
bid, 19
responded, 19
F., 19
institutional, 19
me?", 19
experienced, 19
define, 19
usual, 19
Act, 19
Communist, 19
change,, 19
selling, 19
laid, 19
watch, 19
mother, 19
remarkable, 19
Best, 19
A/S, 19
50%, 19
donations, 19
determine, 19
regard, 19
"Also,, 19
part,, 19
Suite, 19
enjoyed, 19
question., 19
understood, 19
Ashton, 19
8:15, 19
deals, 19
polling, 19
writer, 19
ethnic, 19
progressive, 19
support,, 19
Libya's, 19
chances, 19
agencies, 19
walk, 19
DROP-BY, 19
*, 19
replaced, 20
"Thx, 20
explained, 20
locked, 20
euro, 20
lessons, 20
lots, 20
Feb, 20
minute, 20
funded, 20
opposed, 20
Jon, 20
Juarez, 20
poll,, 20
summer, 20
(I, 20
appointment, 20
condition, 20
prior, 20
it?, 20
"Dear, 20
connection, 20
Cold, 20
yet., 20
parents, 20
hunger, 20
"Jiloty,, 20
Very, 20
legislative, 20
documents, 20
©, 20
era, 20
Abu, 20
AMBASSADOR, 20
""And, 20
"Below, 20
reality, 20
indeed, 20
rebel, 20
offering, 20
come., 20
Through, 20
care., 20
constitutional, 20
Nazi, 20
deficit, 20
protests, 20
you", 20
desperately, 20
heavy, 20
launch, 20
experience,, 20
addressed, 20
hand,, 20
closer, 20
Second,, 20
historic, 20
addition,, 20
Friday., 20
skills, 20
moral, 20
approach., 20
Copenhagen, 20
endorse, 20
Voting, 20
employees, 20
over., 20
hikers, 20
ship, 20
useful, 20
"They, 20
corporations, 20
Fisher, 20
Large, 20
capable, 20
warning, 20
images, 20
staff., 20
pharmaceutical, 20
returning, 20
perception, 20
playing, 20
Forces, 20
Texas, 20
simple, 20
openly, 20
Beijing, 20
""When, 20
Scott, 20
help., 20
exercise, 20
extreme, 20
Brazilian, 20
upcoming, 20
profile, 20
comfortable, 20
emerged, 20
equal, 20
copies, 20
respected, 20
Mayor, 20
brand, 20
problems., 20
advisor, 20
Brown,, 20
off., 20
III, 20
Jerusalem., 20
offices, 20
papers, 20
Reg, 20
dropped, 20
multiple, 20
Comments, 20
telephone, 20
except, 20
accepted, 20
outreach, 20
it?", 20
Nora, 20
talks., 20
radical, 20
achieved, 20
Africa., 20
succeed, 20
who,, 20
nice, 20
concluded, 20
smaller, 20
yesterday,, 20
"Are, 20
CONFERENCE, 20
hearings, 20
favor, 20
frustrated, 20
Finance, 20
She's, 21
her,, 21
opponents, 21
Strobe, 21
collapse, 21
"Your, 21
meeting,, 21
argue, 21
Maybe, 21
Jake,, 21
apparent, 21
Party,, 21
worried, 21
package, 21
image, 21
suggestions, 21
understands, 21
religion, 21
extremists, 21
etc, 21
reconstruction, 21
two-state, 21
indicated, 21
ordinary, 21
lay, 21
economy,, 21
standard, 21
Received:, 21
implementation, 21
Navy, 21
tone, 21
(including, 21
terror, 21
"As, 21
English, 21
southern, 21
drop, 21
impossible, 21
1.4(B),, 21
husband, 21
benefit, 21
credibility, 21
Mexican, 21
absence, 21
McGuinness, 21
approved, 21
Safe, 21
Portman, 21
reportedly, 21
picked, 21
far,, 21
J., 21
conservatives, 21
connected, 21
""peace, 21
Polish, 21
times,, 21
reform,, 21
better., 21
protest, 21
girls, 21
7th, 21
administration., 21
commit, 21
"Thx., 21
managed, 21
performance, 21
Services, 21
mark, 21
Jerusalem,, 21
Society, 21
US., 21
Avenue, 21
participants, 21
leadership., 21
Adviser, 21
gap, 21
College, 21
Nancy, 21
alternative, 21
strongest, 21
Glenn, 21
directed, 21
reconciliation, 21
2:45, 21
cutting, 21
sexual, 21
home,, 21
persuade, 21
hospital, 21
Jordan, 21
Don't, 21
to., 21
search, 21
it,"", 21
cases, 21
vital, 21
Situation, 21
farmers, 21
cast, 21
changing, 21
Pis, 21
Ellen, 21
Joanne, 21
Libya,, 21
"PIs, 21
communities, 21
India., 21
emails, 21
sustainable, 21
corruption, 21
flight, 21
trial, 21
problem., 21
rally, 21
Joint, 21
degree, 21
Belfast, 21
collaboration, 21
watching, 21
9:45, 21
wing, 22
feedback, 22
easier, 22
willingness, 22
participate, 22
Congressional, 22
rich, 22
Fax:, 22
extent, 22
losing, 22
County, 22
chair, 22
angry, 22
did., 22
much., 22
law,, 22
job., 22
al, 22
faxed, 22
Arturo, 22
cable, 22
Honduran, 22
#, 22
targeted, 22
politics., 22
Strategy, 22
<JilotyLC@state.gov>, 22
virtually, 22
names, 22
terrorists, 22
Speaking, 22
"Cc:, 22
produced, 22
agriculture, 22
Pelosi, 22
rights., 22
alliance, 22
frustration, 22
protection, 22
hosted, 22
rejected, 22
guidance, 22
quotes, 22
spread, 22
sends, 22
presented, 22
guy, 22
appeal, 22
usually, 22
violence,, 22
remained, 22
veteran, 22
McCain, 22
you?, 22
evening., 22
overseas, 22
trained, 22
safety, 22
Republicans,, 22
8:00, 22
AT, 22
danger, 22
negotiations., 22
"Is, 22
together., 22
again,, 22
Thomas, 22
war,, 22
operate, 22
content, 22
street, 22
do,, 22
point., 22
definitely, 22
Given, 22
path, 22
asks, 22
save, 22
development,, 22
voices, 22
infrastructure, 22
Democrats., 22
ongoing, 22
pressing, 22
Operations, 22
Corker, 22
Reason:, 22
represent, 22
none, 22
Port, 22
expert, 22
jobs,, 22
5:15, 22
hoped, 22
2000, 22
populist, 22
Vargas, 22
environmental, 22
loved, 22
"8:15, 22
Lissa, 22
done., 22
actual, 22
"Have, 22
Southern, 22
52, 22
fought, 22
Stupak, 22
AVAILABILITY, 22
Degree, 22
together,, 22
rising, 22
stimulus, 22
court, 22
fallen, 22
TEAM, 22
interests., 22
Fund, 22
raising, 22
TNC, 22
back,, 22
crisis., 22
wishes, 22
you'd, 22
us,, 22
bill,, 22
yesterday., 22
ended, 22
hall, 22
"From, 22
represents, 23
disaster, 23
11:45, 23
natural, 23
Brazil, 23
spoken, 23
sat, 23
Hall, 23
not., 23
<HDR22@clintonemail.com>, 23
Pakistan,, 23
politically, 23
ad, 23
instance,, 23
individuals, 23
writes, 23
fire, 23
So,, 23
broader, 23
partisan, 23
recognition, 23
"I've, 23
Analysis, 23
air, 23
Wilders, 23
informed, 23
Dick, 23
charges, 23
nine, 23
systems, 23
Medicare, 23
describes, 23
older, 23
Massachusetts, 23
commercial, 23
Jackie, 23
finds, 23
recognized, 23
goals, 23
offensive, 23
Relations, 23
cloture, 23
weekend., 23
personally, 23
travels, 23
guys, 23
argued, 23
eyes, 23
margin, 23
film, 23
Year, 23
operating, 23
Stevens, 23
backed, 23
11:15, 23
western, 23
businesses, 23
Turkey, 23
train, 23
region,, 23
1:45, 23
USA, 23
essentially, 23
homes, 23
reporting, 23
happens, 23
49, 23
46, 23
advocacy, 23
amid, 23
priorities, 23
twice, 23
players, 23
faces, 23
confident, 23
Philip, 23
Today, 23
stands, 23
"Let's, 23
"No, 23
discussing, 23
college, 23
model, 23
Tripoli, 23
interviews, 23
India,, 23
traditional, 23
Majority, 23
Both, 23
arrived, 23
contributions, 23
week's, 23
Former, 23
holiday, 23
Indonesia, 23
one,, 23
sufficient, 23
annual, 23
disapprove, 23
helpful, 23
demonstrate, 23
Abbas, 24
kids, 24
brings, 24
Ulster, 24
Brookings, 24
""I'm, 24
prefer, 24
2007, 24
imagine, 24
residents, 24
projects, 24
defined, 24
existing, 24
establishment, 24
stuff, 24
end,, 24
Get, 24
Skousen's, 24
campaign,, 24
network, 24
historical, 24
Talbott, 24
participation, 24
grateful, 24
R., 24
Sean, 24
editorial, 24
Service, 24
Before, 24
peace,, 24
PRESIDENT, 24
system., 24
stopped, 24
minutes], 24
circle, 24
culture, 24
headed, 24
Was, 24
dialogue, 24
creation, 24
Au, 24
"Did, 24
improving, 24
consequences, 24
claiming, 24
arrested, 24
struggle, 24
Craig, 24
potentially, 24
leaders., 24
Quinnipiac, 24
happening, 24
Leslie, 24
sounds, 24
Assembly, 24
Though, 24
Contact, 24
easily, 24
Virginia, 24
networks, 24
task, 24
Economic, 24
negotiated, 24
44, 24
43, 24
conduct, 24
Working, 24
radio, 24
5., 24
hung, 24
Congress., 24
removed, 24
promoting, 24
case,, 24
conversations, 24
lobbyists, 24
words,, 24
missed, 24
"Madam, 24
generation, 24
6., 24
double, 24
village, 24
readout, 24
sit, 24
looked, 24
Britain, 24
heavily, 24
transfer, 24
mutual, 24
dozen, 25
debt, 25
possibly, 25
statement., 25
➢, 25
Europe,, 25
governing, 25
"For, 25
Kurt, 25
costs, 25
Lady, 25
mass, 25
Alexander, 25
fund, 25
emergency, 25
t, 25
stronger, 25
command, 25
amendment, 25
party,, 25
others,, 25
Burns, 25
power,, 25
target, 25
FYI", 25
quoted, 25
market, 25
expanding, 25
collective, 25
TREND:, 25
involvement, 25
'JilotyLC@state.gov', 25
moves, 25
missing, 25
""In, 25
Department's, 25
requires, 25
more., 25
becomes, 25
Smith, 25
R, 25
bipartisan, 25
Chairman, 25
IDF, 25
universal, 25
right,, 25
type, 25
donors, 25
voters,, 25
somewhat, 25
min], 25
far-right, 25
website, 25
WH, 25
Where, 25
but,, 25
wake, 25
dollar, 25
America,, 25
King, 25
election., 25
Gulf, 25
parliament, 25
implement, 25
lines, 25
effort., 25
beat, 25
"Sorry, 25
Ministry, 25
55, 25
51, 25
53, 25
attempted, 25
Commission, 25
picture, 25
environment, 25
begun, 25
Research, 25
direction, 25
wife, 25
worse, 25
Still,, 25
"PIR, 25
C05739661, 25
night,, 25
JOINT, 25
refused, 25
Every, 25
vice, 25
pushing, 25
Thanks,, 25
material, 25
counterinsurgency, 25
Below, 25
percent,, 25
foundation, 26
Chicago, 26
eastern, 26
Clinton., 26
on,, 26
photos, 26
2006, 26
rights,, 26
stated, 26
reduce, 26
determined, 26
marriage, 26
session, 26
politics,, 26
representative, 26
hoping, 26
survey, 26
demands, 26
Frank, 26
truth, 26
you'll, 26
decade, 26
familiar, 26
placed, 26
relationships, 26
appreciate, 26
de, 26
dozens, 26
him.", 26
ELSE(VOL), 26
Senate,, 26
Rich, 26
Monday., 26
whenever, 26
am., 26
peace., 26
fell, 26
Original, 26
Law, 26
referring, 26
Issues, 26
showing, 26
Here's, 26
Haiti,, 26
missile, 26
measure, 26
neither, 26
official,, 26
restore, 26
Despite, 26
party's, 26
up,, 26
supporters, 26
devolution, 26
dead, 26
filled, 26
Dutch, 26
pointed, 26
months,, 26
months., 26
repeatedly, 26
Sudan, 26
facing, 26
difference, 26
America., 26
treated, 26
purpose, 26
absolutely, 26
37, 26
Iran., 26
economy., 26
team., 26
relevant, 26
children,, 26
change., 26
assessment, 26
2201, 26
German, 26
plus, 26
soon., 26
wide, 26
We've, 26
peaceful, 26
kill, 26
requested, 26
"When, 26
activity, 26
CEREMONY, 26
inner, 26
ones, 26
limit, 26
showed, 27
feeling, 27
well,, 27
active, 27
Korean, 27
Federal, 27
agenda., 27
unfavorable, 27
12:15, 27
engaged, 27
Benghazi,, 27
pull, 27
paying, 27
civilians, 27
fundamental, 27
victims, 27
Mills, 27
mandate, 27
place., 27
in,, 27
Cingular, 27
intergovernmental, 27
launched, 27
Finally,, 27
month., 27
nomination, 27
transition, 27
Eric, 27
7:30, 27
Clips, 27
Birch, 27
wonderful, 27
WLDN'T, 27
Steve, 27
Twitter, 27
politicians, 27
structure, 27
Oval, 27
SMONE, 27
Could, 27
heading, 27
messages, 27
mind, 27
regular, 27
reference, 27
yes, 27
stability, 27
interesting, 27
moderate, 27
Harold, 27
4:15, 27
Revolutionary, 27
extremely, 27
12:45, 27
hopes, 27
Perhaps, 27
body, 27
obvious, 27
home., 27
4., 27
"Thanks, 27
Xpress, 27
Muslims, 27
Department,, 27
relatively, 27
Quartet, 27
weak, 27
catch, 27
passage, 27
month,, 27
advantage, 27
pleased, 27
water, 27
Time, 27
Such, 27
VOTE(VOL), 27
Susan, 27
options, 27
institutions, 27
cdm, 27
widely, 27
Americans,, 27
journalists, 27
Spray, 27
Bush's, 27
opening, 27
State., 27
approve, 27
promise, 27
increasing, 28
Indeed,, 28
meeting., 28
r, 28
Oscar, 28
favorable,, 28
turning, 28
Diplomacy, 28
Guardian, 28
BBC, 28
firm, 28
PRIVATE, 28
diplomacy., 28
doubt, 28
Fyi", 28
(or, 28
puts, 28
CNN, 28
aware, 28
What's, 28
Sep, 28
strength, 28
Christian, 28
voting, 28
2:15, 28
drawn, 28
let's, 28
prove, 28
mostly, 28
blame, 28
NSC, 28
him?, 28
capital, 28
convinced, 28
feels, 28
urgent, 28
draw, 28
Wilson, 28
"Thank, 28
BY, 28
reform., 28
maintain, 28
rhetoric, 28
ending, 28
administration,, 28
Jeffrey, 28
Prince, 28
Jones,, 28
Ben, 28
carry, 28
6:30, 28
out,, 28
longtime, 28
conducted, 28
gotten, 28
sector, 28
express, 28
delegation, 28
SECRETARIES, 28
30,, 28
2001, 28
Asian, 28
holds, 28
winning, 28
work,, 28
Dec, 28
resolution, 28
Henry, 28
faced, 28
trust, 28
experts, 28
agency, 28
Media, 28
offers, 28
decisions, 28
know., 28
declined, 28
days,, 28
City, 28
We're, 28
Rob, 28
allowing, 28
Unionist, 28
7:00, 28
priority, 28
gain, 28
thus, 28
damage, 29
Those, 29
values, 29
QDDR, 29
argument, 29
drive, 29
polls, 29
process,, 29
Should, 29
comprehensive, 29
formal, 29
race, 29
receive, 29
ties, 29
'sullivanjj@state.gov', 29
', 29
There's, 29
stage, 29
compared, 29
rural, 29
2005,, 29
>", 29
Blackberry", 29
unable, 29
Convention, 29
brothers, 29
anger, 29
Mail, 29
Bloomberg, 29
Rep., 29
Andrew, 29
Senior, 29
Copyright, 29
checking, 29
Internet, 29
fears, 29
Baucus, 29
Nov, 29
appointed, 29
herself, 29
joint, 29
Hague, 29
lose, 29
aren't, 29
recommend, 29
down., 29
aide, 29
Dodd, 29
leaders,, 29
attached, 29
daily, 29
Education, 29
Marshall, 29
morning,, 29
field, 29
advice, 29
services, 29
"Not, 29
electoral, 29
Pat, 29
unlikely, 29
Pakistan., 29
passing, 29
value, 29
C05739767, 29
House., 29
Tel:, 29
adding, 29
unemployment, 29
cultural, 29
setting, 29
charge, 29
Day, 29
embassy, 29
relief, 29
possible., 29
U.N., 29
Conservatives, 29
reflect, 29
strengthen, 29
hit, 29
context, 29
closed, 29
student, 29
carried, 29
bringing, 30
2008,, 30
crowd, 30
abortion, 30
massive, 30
Daniel, 30
60, 30
Instead,, 30
officials,, 30
19,, 30
health-care, 30
Base, 30
Fox, 30
summit, 30
viewed, 30
invited, 30
vote,, 30
elections,, 30
campaign., 30
conf, 30
kept, 30
thanks, 30
Now,, 30
violence., 30
Great, 30
tomorrow,, 30
<hrod17@clintonemail.com, 30
God, 30
(which, 30
100, 30
minority, 30
suicide, 30
dealing, 30
cuts, 30
Shaun, 30
shot, 30
killing, 30
"Here, 30
staff,, 30
""But, 30
23, 30
(direct)", 30
century, 30
39, 30
38, 30
<, 30
identified, 30
female, 30
edits, 30
insisted, 30
/, 30
brother, 30
5:30, 30
reaction, 30
strongly, 30
best,, 30
threats, 30
coordination, 30
days., 30
reasons, 30
criticism, 30
combat, 30
Sullivan, 30
B5", 30
Foundation, 31
encourage, 31
Union, 31
eventually, 31
planned, 31
bottom, 31
""He, 31
Who, 31
afternoon., 31
not,, 31
affairs, 31
Statement, 31
And,, 31
appropriate, 31
elements, 31
San, 31
Once, 31
site, 31
recognize, 31
established, 31
negative, 31
rates, 31
runs, 31
FYI:, 31
tonight., 31
promised, 31
Martin, 31
Political, 31
But,, 31
document, 31
Latin, 31
base, 31
Thx, 31
28,, 31
TV, 31
(the, 31
critics, 31
completely, 31
management, 31
Today,, 31
Like, 31
modern, 31
21st, 31
here,, 31
Democrats,, 31
positions, 31
audience, 31
confirm, 31
account, 31
"Do, 31
Iraq., 31
hundreds, 31
"B6, 31
Slaughter, 31
criticized, 31
office., 31
group,, 31
way,, 31
Miliband, 31
includes, 31
START, 31
9:00, 31
lower, 31
advisers, 31
notes, 31
attend, 31
1.4(B), 31
First,, 31
Does, 32
professor, 32
alone, 32
on., 32
assistant, 32
thinks, 32
NW, 32
original, 32
Sent:, 32
investment, 32
learn, 32
signs, 32
research, 32
communications, 32
Eastern, 32
increased, 32
We'll, 32
Obama., 32
others., 32
total, 32
countries., 32
School, 32
zone, 32
Rice, 32
produce, 32
Times,, 32
Would, 32
assembly, 32
low, 32
study, 32
aimed, 32
Haiti., 32
sanctions, 32
speech,, 32
addition, 32
Wireless, 32
prominent, 32
loss, 32
reaching, 32
sorry, 32
solution, 32
2009., 32
initial, 32
editor, 32
assume, 32
designed, 32
D;, 32
rating, 32
nation's, 32
POTUS, 32
benefits, 32
fine, 32
election,, 32
2010., 32
effectively, 32
visited, 32
comment, 32
Emanuel, 32
(e.g.,, 32
office,, 32
core, 32
Best,, 32
leads, 32
gives, 32
period, 32
Oak, 32
all., 32
Army, 32
bilateral, 32
Fein, 32
parts, 32
7,, 32
narrative, 32
bill., 32
###, 32
Jul, 32
top., 33
Netanyahu's, 33
law., 33
Rahm, 33
cover, 33
Karl, 33
""There, 33
resources, 33
Under, 33
figures, 33
discussions, 33
denied, 33
To:, 33
battle, 33
Ford, 33
""You, 33
television, 33
Leader, 33
coverage, 33
China., 33
registered, 33
A., 33
USAID, 33
Sri, 33
effect, 33
broad, 33
stories, 33
possibility, 33
generally, 33
19, 33
built, 33
Yes, 33
Mar, 33
5:00, 33
government's, 33
president., 33
region., 33
42, 33
4,, 33
leader,, 33
regime, 33
quick, 33
intended, 33
outcome, 33
proud, 33
6,, 33
option, 33
added, 33
Peace, 33
deal., 33
Women's, 33
example, 34
engagement, 34
son, 34
Russian, 34
keeping, 34
1:15, 34
Honduras, 34
REFUSED, 34
31,, 34
what's, 34
Kochs, 34
minister,, 34
book,, 34
hrd, 34
Lee, 34
tomorrow.", 34
Web, 34
evening, 34
Chief, 34
10:45, 34
spray, 34
game, 34
Favorable, 34
providing, 34
McChrystal's, 34
Ohio, 34
credit, 34
principles, 34
medical, 34
subject, 34
Central, 34
32, 34
here., 34
Unfavorable, 34
Only, 34
Congress,, 34
27, 34
Did, 34
changed, 34
too,, 34
armed, 34
announcement, 34
cabinet, 34
activities, 34
Ind, 34
Speaker, 34
developed, 34
night., 34
analysis, 34
women., 34
issue., 34
one., 34
table, 34
average, 35
forward., 35
Or, 35
standing, 35
confidence, 35
briefing, 35
avoid, 35
vote., 35
safe, 35
Election, 35
true, 35
so., 35
amount, 35
conditions, 35
Israel,, 35
war., 35
BlackBerry, 35
then,, 35
appeared, 35
failure, 35
weekend, 35
father, 35
maybe, 35
Rights, 35
declared, 35
particular, 35
President's, 35
Saturday, 35
knowledge, 35
buy, 35
41, 35
consistent, 35
sitting, 35
Among, 35
require, 35
actions, 35
security,, 35
defense, 35
hasn't, 35
larger, 35
urged, 35
happen, 35
Worn, 36
nature, 36
investigation, 36
impact, 36
society, 36
Because, 36
again., 36
party., 36
Home, 36
hrc, 36
S., 36
Republic, 36
pushed, 36
nor, 36
online, 36
so,, 36
learned, 36
you've, 36
obviously, 36
department, 36
telling, 36
reflects, 36
Any, 36
10,, 36
,, 36
basic, 36
reading, 36
USG, 36
Arabs, 36
establish, 36
town, 36
hour, 36
Egypt, 36
Dialogue, 36
organization, 36
today.", 36
exchange, 36
honor, 36
LaGuardia, 36
criminal, 36
fellow, 36
wish, 36
48, 36
45, 36
rise, 36
3:15, 36
H", 36
Justice, 36
Carleto, 36
Declassify, 36
separate, 36
opportunities, 36
Libya., 36
PRE-BRIEF, 36
security., 36
African, 36
issued, 36
deputy, 36
light, 36
funds, 36
class, 36
9,, 37
wrong, 37
schools, 37
Human, 37
25,, 37
behalf, 37
data, 37
vision, 37
traffic, 37
couldn't, 37
heads, 37
activists, 37
34, 37
engage, 37
defeat, 37
Catholic, 37
partnership, 37
easy, 37
welcome, 37
remember, 37
isn't, 37
officers, 37
me.", 37
required, 37
Mrs., 37
hands, 37
exactly, 37
Meanwhile,, 37
in., 37
highest, 37
education, 37
operations, 37
Daily, 37
died, 37
16, 37
Eikenberry, 37
common, 37
copying, 37
spend, 37
3., 37
seats, 37
Two, 37
Dem, 37
ran, 37
status, 37
ten, 37
Tot, 37
there,, 37
Carter, 37
""They, 37
8,, 37
Subject:, 37
Saudi, 37
27,, 38
Another, 38
respond, 38
fair, 38
Bibi, 38
desire, 38
below., 38
decades, 38
state., 38
Capitol, 38
rule, 38
interested, 38
statements, 38
Skousen, 38
fully, 38
hundred, 38
Other, 38
right., 38
Branch, 38
wait, 38
lunch, 38
dangerous, 38
matters, 38
unless, 38
assistance,, 38
day., 38
negotiating, 38
greatest, 38
Rep, 38
thousands, 38
population, 38
fax, 38
"Importance:, 38
women,, 38
support., 38
Rodham, 38
Judith, 39
reporters, 39
rules, 39
levels, 39
continued, 39
*Official, 39
construction, 39
power., 39
cooperation, 39
Philippe, 39
becoming, 39
heart, 39
whatever, 39
measures, 39
faith, 39
freeze, 39
arms, 39
attempt, 39
folks, 39
Over, 39
0, 39
Financial, 39
William, 39
insurance, 39
waiting, 39
good., 39
Bob, 39
3,, 39
warned, 39
Iraqi, 39
Group, 39
announce, 39
huge, 39
Romney, 39
swing, 39
Democrat, 39
violent, 39
J;, 39
[Branch,, 39
Franklin, 39
"He, 39
related, 39
""This, 40
organized, 40
colleagues, 40
state,, 40
internal, 40
fiscal, 40
we'll, 40
Institute, 40
appear, 40
Mexico, 40
importance, 40
career, 40
me,, 40
third, 40
tells, 40
Biden, 40
22, 40
Ed, 40
18,, 40
youth, 40
single, 40
putting, 40
35, 40
Iran,, 40
eight, 40
world,, 40
believed, 40
victory, 40
say,, 40
know,, 40
chairman, 40
WEEKLY, 40
due, 40
people., 40
her., 41
on:, 41
Your, 41
operation, 41
Thx., 41
later,, 41
President,, 41
upon, 41
issues,, 41
places, 41
Gen., 41
forced, 41
Mark, 41
prepare, 41
info, 41
Blumenthal, 41
Sinn, 41
DUP, 41
Sen., 41
PM,, 41
initiative, 41
background, 41
track, 41
form, 41
Gaza, 41
shift, 41
Men, 41
supposed, 41
Robinson, 41
continuing, 41
2005, 41
33, 41
limited, 41
Here, 41
too., 41
hearing, 41
suggest, 41
presence, 41
Germany, 41
suggests, 41
sort, 41
Abedin, 41
citizens, 42
1:30, 42
it.", 42
returned, 42
accept, 42
plane, 42
sometimes, 42
posted, 42
sides, 42
land, 42
expressed, 42
Sid", 42
hand, 42
mtg, 42
holding, 42
country's, 42
Meeting, 42
decide, 42
wouldn't, 42
Wednesday, 42
border, 42
i, 42
24,, 42
Ok., 42
thoughts, 42
claims, 42
Are, 42
authorities, 42
congressional, 42
Although, 42
London, 42
fall, 42
individual, 42
democracy, 42
host, 42
Iraq,, 42
writing, 42
""It's, 42
Sarah, 42
Ahmadinejad, 42
way., 42
worst, 42
us., 42
Reid, 42
Paul, 43
previous, 43
Why, 43
industry, 43
commander, 43
District, 43
Representative, 43
drug, 43
terrorism, 43
Health, 43
created, 43
poor, 43
Washington., 43
Most, 43
Women, 43
Their, 43
similar, 43
sought, 43
Have, 43
e-mail, 43
previously, 43
aides, 43
spokesman, 43
seven, 43
ago., 43
government,, 43
claim, 43
deep, 43
29, 43
gender, 43
Yet, 43
complete, 43
although, 43
join, 43
Embassy, 43
senator, 43
creating, 43
higher, 43
traveling, 43
Peter, 43
largest, 43
understanding, 44
Staff, 44
details, 44
publicly, 44
"Ok, 44
develop, 44
area, 44
Secretary,, 44
pretty, 44
policing, 44
Al, 44
cell, 44
cause, 44
soldiers, 44
achieve, 44
immediately, 44
necessary, 44
page, 44
crucial, 44
York,, 44
1,, 44
1., 44
25, 44
cut, 44
success, 44
biggest, 44
States,, 44
improve, 44
policy,, 44
white, 44
rate, 44
email., 44
secret, 44
project, 45
Conservative, 45
process., 45
Strategic, 45
terrorist, 45
highly, 45
break, 45
elected, 45
ahead, 45
speech., 45
room, 45
explain, 45
Post, 45
20,, 45
oil, 45
26, 45
28, 45
powers, 45
Max, 45
36, 45
partner, 45
8th, 45
treaty, 45
5,, 45
officer, 45
10:15, 45
millions, 45
author, 45
promote, 45
PHONE, 45
Indian, 45
Russia, 45
noted, 45
growth, 45
percent., 45
successful, 46
Tony, 46
floor, 46
believes, 46
followed, 46
today's, 46
word, 46
meant, 46
Palau, 46
Happy, 46
post, 46
Reagan, 46
touch, 46
she's, 46
accused, 46
moving, 46
president's, 46
2., 46
primary, 46
source, 46
named, 46
text, 46
deliver, 46
proposal, 46
claimed, 46
level, 46
legislation, 46
Lauren, 46
events, 46
ok, 46
range, 46
back., 46
"Yes,, 46
corporate, 47
steps, 47
15,, 47
choice, 47
senators, 47
Andrews, 47
SMALL, 47
long-term, 47
Jeff, 47
Her, 47
issues., 47
Cdm", 47
board, 47
write, 47
government., 47
Public, 47
cent, 47
sources, 47
freedom, 47
near, 47
out., 47
wasn't, 47
humanitarian, 47
apparently, 47
Nations, 47
risk, 47
now.", 47
50, 47
GOP, 47
instead, 47
Kabul, 47
Hope, 47
DK/NA, 48
played, 48
joined, 48
handling, 48
pls, 48
delivered, 48
Gore, 48
increasingly, 48
finally, 48
Kennedy, 48
bit, 48
authority, 48
considered, 48
brief, 48
essential, 48
planning, 48
democratic, 49
push, 49
act, 49
voice, 49
cost, 49
you.", 49
Call, 49
concern, 49
passed, 49
""If, 49
Good, 49
decided, 49
living, 49
4:30, 49
2,, 49
entire, 49
NY, 49
supported, 49
work., 49
capacity, 49
quickly, 49
C05739812, 49
people,, 49
leaving, 49
<SullivanJJ@state.gov>, 49
"Ok., 49
Melanne, 49
call., 50
Pentagon, 50
21,, 50
preceding., 50
NATO, 50
challenge, 50
executive, 50
organizations, 50
committee, 50
overall, 50
22,, 50
13, 50
17, 50
pay, 50
Administration, 50
policy., 50
Tory, 50
During, 50
opposition, 50
etc., 50
looks, 50
fighting, 50
date, 51
training, 51
knew, 51
11:00, 51
H., 51
ops, 51
country,, 51
shared, 51
developing, 51
Hotel, 51
Jews, 51
takes, 51
tried, 51
An, 51
Development, 51
partners, 51
Pakistan's, 51
signed, 51
afternoon, 51
print., 51
thru, 51
speaking, 51
house, 51
energy, 51
Ops, 51
elections, 51
itself, 51
concerns, 51
despite, 51
released, 51
workers, 51
gets, 51
Western, 52
Even, 52
17,, 52
Then, 52
child, 52
said:, 52
remarks, 52
Asia, 52
month, 52
towards, 52
SENIOR, 52
suggested, 52
programs, 52
world's, 52
House,, 52
personnel, 52
31, 52
Director, 52
willing, 52
tough, 52
Wall, 52
administration's, 52
proposed, 52
happened, 52
term, 52
regarding, 52
Benghazi, 52
various, 52
liberal, 53
"Just, 53
continues, 53
video, 53
votes, 53
"This, 53
9:30, 53
focused, 53
However,, 53
B1, 53
friends, 53
we've, 53
14,, 53
black, 53
middle, 53
responsibility, 53
largely, 53
2010,, 53
says,, 53
they're, 53
areas, 53
China,, 53
States., 53
"What, 53
weapons, 53
region, 53
goal, 53
Presidential, 54
consider, 54
paper, 54
Benjamin, 54
Africa, 54
influence, 54
results, 54
families, 54
independent, 54
country., 54
request, 54
For:, 54
future., 54
ways, 54
him,, 54
*Camera, 54
War, 54
healthcare, 54
That's, 54
answer, 54
matter, 54
basis, 54
views, 54
14, 54
Dr., 54
starting, 54
beginning, 54
Let's, 54
Its, 54
Michael, 54
legal, 54
knows, 54
expect, 54
ability, 54
challenges, 54
record, 54
travel, 55
release, 55
First, 55
couple, 55
2011, 55
SECRETARY, 55
China's, 55
supporting, 55
sheet, 55
ambassador, 55
Israel., 55
relations, 55
26,, 55
do.", 55
above, 55
Building, 55
He's, 55
W., 55
published, 55
24, 55
funding, 55
1:00, 55
moment, 55
Mike, 55
"You, 55
scheduled, 55
Ms., 55
six, 55
Force, 55
this,, 55
Vice, 56
them,, 56
raised, 56
Joe, 56
policies, 56
experience, 56
4:00, 56
Korea, 56
certainly, 56
agenda, 56
UK, 56
there's, 56
felt, 56
adviser, 56
growing, 56
day,, 56
throughout, 56
giving, 56
High, 56
Dan, 56
12,, 56
deeply, 56
11,, 56
tax, 56
words, 56
present, 56
Bank, 57
6:00, 57
allowed, 57
ago, 57
that., 57
16,, 57
central, 57
RE:, 57
popular, 57
29,, 57
seek, 57
offered, 57
21, 57
seeking, 57
Jerusalem, 57
serve, 57
figure, 57
woman, 57
13,, 57
fear, 57
"Sullivan,, 58
closely, 58
concerned, 58
clearly, 58
update, 58
event, 58
written, 58
diplomats, 58
companies, 58
army, 58
PRESS, 58
raise, 58
mention, 58
3:00, 58
center, 58
minutes, 58
Gates, 58
12:30, 59
city, 59
certain, 59
Since, 59
Tories, 59
tonight, 59
live, 59
"Yes, 59
moved, 59
committed, 59
started, 59
mentioned, 59
Mitchell, 59
students, 59
children, 59
Israelis, 59
domestic, 59
Deputy, 59
specific, 59
3:30, 59
Many, 59
mission, 59
intelligence, 59
demand, 59
helping, 59
Outer, 59
nations, 60
Charles, 60
prevent, 60
mean, 60
gone, 60
all,, 60
available, 60
budget, 60
Of, 60
Policy, 60
Tuesday, 60
appears, 60
directly, 60
Also, 60
killed, 60
UUP, 60
everyone, 60
Affairs, 60
Chris, 60
discussed, 60
version, 60
responsible, 61
dollars, 61
23,, 61
Thursday, 61
Palin, 61
pass, 61
involved, 61
pressure, 61
2:30, 61
discussion, 61
friend, 61
ground, 61
wrote:, 61
now,, 61
paid, 61
Europe, 61
expected, 61
goes, 61
conversation, 61
series, 62
India, 62
Anne-Marie, 62
coalition, 62
won, 62
Committee, 62
language, 62
morning., 62
prepared, 62
crisis, 62
copy, 62
PRESIDENTIAL, 62
10:30, 62
respect, 62
Air, 62
half, 62
brought, 63
effective, 63
Jones, 63
company, 63
states, 63
death, 63
whole, 63
"Fyi, 63
front, 63
changes, 63
is,, 63
C, 63
fact,, 63
approval, 63
simply, 63
allies, 63
works, 63
school, 63
turn, 63
Please, 64
lives, 64
CALL, 64
photo, 64
BILATERAL, 64
sending, 64
Press, 64
ago,, 64
Libyan, 64
Last, 64
inside, 65
positive, 65
allow, 65
terms, 65
shows, 65
thinking, 65
religious, 65
..., 65
advance, 65
plans, 65
connect, 65
everything, 65
H;, 65
serious, 65
federal, 65
Karzai, 65
there., 65
perhaps, 65
sign, 66
My, 66
Gordon, 66
turned, 66
Afghanistan., 66
seemed, 66
Global, 66
French, 66
ready, 66
powerful, 66
Jack, 66
bad, 66
11, 66
Now, 66
response, 66
right-wing, 66
director, 66
however,, 66
BRIEFING, 66
view, 66
Islamic, 66
"RELEASE, 67
"The, 67
re, 67
rest, 67
Muslim, 67
Government, 67
stay, 67
up., 67
18, 67
example,, 67
11:30, 67
themselves, 67
Friday, 67
40, 67
ideas, 67
stand, 67
reported, 68
Valmoro, 68
president,, 68
five, 68
climate, 68
begin, 68
AM", 68
win, 68
problem, 68
today,, 68
WJC, 68
12:00, 68
reached, 68
protect, 68
civil, 68
threat, 68
RELEASE, 69
Monday, 69
jobs, 69
course,, 69
failed, 69
interests, 69
w/, 69
comments, 69
using, 69
Obama,, 69
8:25, 69
governments, 69
remain, 69
Hill, 69
longer, 69
included, 69
More, 69
problems, 69
says., 70
system, 70
women's, 70
evidence, 70
increase, 70
Iran's, 70
settlements, 70
seem, 70
candidate, 70
running, 70
numbers, 70
print.", 70
EU, 70
recently, 70
debate, 70
candidates, 70
love, 71
worth, 71
aid, 71
fight, 71
"Pis, 71
(and, 71
Pls, 71
remains, 71
World, 71
2008, 71
open, 72
Haitian, 72
thank, 72
2009,, 72
main, 72
yesterday, 72
Hillary", 72
note, 73
Street, 73
social, 73
Thanks, 73
Libya, 73
comes, 73
food, 73
Blair, 73
years., 73
anyone, 73
Abedin,, 73
and,, 73
Robert, 73
o, 74
Clinton,, 74
interview, 74
else, 74
"I'm, 74
weeks, 74
billion, 74
movement, 74
Some, 74
phone, 74
attention, 74
OF, 75
spending, 75
voted, 75
Ireland, 75
Let, 75
assistance, 75
seeing, 75
nearly, 75
Holbrooke, 75
Defense, 75
provided, 75
9, 75
reports, 76
1.4(D), 76
prime, 76
Pakistani, 76
hours, 76
trade, 76
""a, 76
beyond, 76
7, 76
won't, 76
now., 76
fyi, 76
lack, 76
program, 76
piece, 76
this., 76
meetings, 77
nation, 77
currently, 77
short, 77
According, 77
""It, 77
greater, 77
"See, 77
agree, 77
2:00, 77
attacks, 77
review, 77
return, 77
question, 77
we're, 77
well., 78
quite, 78
immediate, 78
earlier, 78
"sbwhoeop, 78
Washington,, 78
justice, 78
12, 78
significant, 78
spent, 78
add, 78
old, 79
face, 79
reason, 79
described, 79
conflict, 79
FOREIGN, 79
force, 79
me., 79
stop, 79
Petraeus, 79
dinner, 79
service, 80
Afghanistan,, 80
progress, 80
years,, 80
B5, 80
week., 80
do., 80
8, 80
offer, 81
course, 81
history, 81
step, 81
additional, 81
ever, 81
Beck, 81
week,, 81
News, 81
majority, 81
direct, 81
known, 81
year., 82
Palestinians, 82
secure, 82
article, 82
Sunday, 82
potential, 82
happy, 83
play, 83
Prime, 83
probably, 83
###", 83
20, 83
world., 83
regional, 84
it,, 84
time., 84
began, 84
served, 84
understand, 84
announced, 84
result, 85
Ok, 85
negotiations, 85
situation, 85
action, 85
I'd, 85
latest, 85
While, 85
man, 85
settlement, 85
print, 85
leading, 85
whom, 85
questions, 85
include, 85
person, 86
chance, 86
contact, 86
economy, 86
you,, 86
men, 86
looking, 86
name, 86
Just, 86
nothing, 86
AND, 86
became, 87
presidential, 87
asking, 87
interest, 87
head, 87
"FYI, 87
agreed, 87
led, 88
opinion, 88
makes, 88
See, 88
confirmed, 88
Not, 88
"We, 88
troops, 88
(202), 88
(t), 89
15, 89
Do, 89
share, 89
create, 89
times, 89
talking, 89
hear, 89
MINISTER, 89
wrote, 89
Israel's, 89
Boehner, 89
schedule, 90
law, 90
business, 90
British, 90
Senator, 90
position, 90
ensure, 90
difficult, 90
No, 91
fact, 91
South, 91
""the, 91
Richard, 91
opportunity, 91
critical, 91
build, 91
check, 91
THE, 91
Clinton's, 92
along, 92
6, 92
community, 92
"Abedin,, 92
commitment, 92
Jake, 92
based, 92
<AbedinH@state.gov>, 92
approach, 92
Tom, 92
year,, 93
large, 93
secretary, 93
calling, 93
control, 93
talked, 93
DC, 93
FOR, 93
violence, 93
someone, 93
30, 93
James, 93
diplomatic, 93
list, 93
needed, 94
life, 94
Thank, 94
How, 94
America's, 94
Floor, 94
Cameron, 94
especially, 94
behind, 94
particularly, 94
From, 94
Also,, 94
member, 94
hold, 95
future, 95
high, 95
haven't, 95
you're, 95
whose, 95
Treaty, 95
These, 95
West, 95
Pakistan, 95
financial, 96
possible, 96
line, 96
bring, 96
Labour, 96
helped, 96
Assistant, 96
side, 96
police, 96
access, 96
cdm", 96
feel, 96
Our, 97
civilian, 97
"Can, 97
him., 97
time,, 97
personal, 97
thing, 97
minister, 97
away, 98
10:00, 98
tomorrow., 98
either, 98
per, 98
politics, 98
story, 98
Iraq, 99
decision, 99
reform, 99
focus, 99
please, 99
second, 100
family, 100
final, 100
lost, 100
Sullivan,, 100
strategic, 100
S, 100
doesn't, 100
FW:, 101
Thx.", 101
means, 101
received, 101
cannot, 101
idea, 101
H:, 101
Northern, 101
leave, 102
sense, 102
taken, 102
9:15, 102
talks, 102
actually, 102
spoke, 103
University, 103
agreement, 103
young, 103
STAFF, 103
Iranian, 103
show, 103
poll, 103
Special, 103
kind, 103
Jim, 104
Taliban, 104
Room,, 104
8:30, 104
anything, 105
used, 105
HRC, 105
soon, 106
that,, 106
Brown, 106
toward, 106
yet, 106
After, 106
February, 107
diplomacy, 107
start, 107
visit, 107
special, 107
four, 108
information, 108
With, 108
outside, 108
lead, 108
them., 109
8:45, 109
conservative, 109
Sent, 109
general, 109
further, 109
En, 109
Koch, 110
himself, 110
Mills,, 110
taking, 110
Is, 110
I'll, 111
Barack, 111
read, 111
ask, 111
5, 111
forces, 112
"Mills,, 112
morning, 112
according, 112
different, 112
that's, 112
almost, 112
gave, 112
provide, 113
Council, 113
attack, 113
money, 113
free, 113
late, 113
often, 113
., 114
saw, 114
I've, 114
building, 114
met, 114
small, 115
via, 115
run, 115
relationship, 115
later, 116
FM, 116
Center, 116
speak, 116
order, 117
night, 117
J, 117
Times, 117
development, 117
conference, 117
reach, 117
worked, 118
continue, 118
points, 118
book, 118
chief, 118
though, 118
once, 118
saying, 119
full, 119
One, 119
he's, 119
trip, 119
lot, 120
held, 120
Tuesday,, 120
October, 120
calls, 120
follow, 120
letter, 121
Security, 121
leader, 121
always, 122
months, 122
Bush, 122
memo, 123
others, 123
Airport, 123
""We, 123
current, 124
address, 124
Ambassador, 124
2012, 124
America, 124
effort, 124
Netanyahu, 124
found, 125
together, 125
Lona, 125
news, 125
strong, 126
really, 127
Chinese, 127
private, 127
strategy, 127
parties, 128
PART, 128
days, 128
following, 129
draft, 129
European, 129
real, 129
B6", 129
process, 130
bill, 130
able, 131
left, 131
International, 131
"Pls, 131
rather, 131
job, 131
little, 132
place, 132
power, 133
within, 133
seems, 133
General, 134
past, 135
It's, 135
Tea, 135
wants, 136
All, 136
having, 137
media, 137
voters, 137
<MillsCD@state.gov>, 137
coming, 137
Palestinian, 138
December, 138
rights, 138
hard, 138
again, 138
groups, 138
statement, 139
North, 139
press, 139
move, 140
January, 140
something, 140
case, 140
His, 141
>, 141
close, 141
home, 141
seen, 141
forward, 141
trying, 142
Arab, 142
To, 142
tell, 143
Haiti, 143
today., 144
making, 144
4, 144
took, 144
Middle, 145
OFFICE, 145
point, 145
Congress, 145
March, 145
can't, 146
heard, 146
York, 146
team, 148
April, 148
below, 148
At, 149
leadership, 150
least, 150
getting, 150
plan, 151
less, 151
George, 151
thought, 151
human, 152
keep, 152
Jacob, 152
November, 152
each, 152
several, 152
role, 153
"Will, 153
came, 153
across, 153
McChrystal, 153
Thursday,, 154
Bill, 154
official, 155
went, 155
given, 155
recent, 156
DAILY, 156
key, 156
million, 157
Jewish, 157
Monday,, 157
UN, 157
enough, 157
every, 157
top, 157
things, 158
try, 158
look, 158
10, 158
July, 158
why, 158
TIME, 159
Iran, 160
whether, 160
Wednesday,, 161
message, 161
done, 161
sent, 162
hope, 162
early, 162
better, 162
staff, 162
already, 162
major, 163
big, 163
IN, 163
find, 163
Minister, 164
change, 164
Can, 164
Friday,, 164
email, 165
Saturday,, 165
become, 166
senior, 166
week, 167
number, 167
global, 167
discuss, 167
far, 167
<hrod17@clintonemail.com>, 167
war, 168
"H, 168
local, 168
Sid, 169
meet, 170
needs, 170
use, 170
said,, 171
nuclear, 171
wanted, 171
countries, 171
John, 172
East, 172
never, 173
u, 173
Sunday,, 173
Party, 173
three, 174
important, 175
election, 175
campaign, 178
Hillary, 178
""I, 178
clear, 178
Fw:, 178
efforts, 183
When, 184
members, 184
believe, 184
Foreign, 184
issues, 184
Will, 185
By, 185
August, 186
didn't, 188
you., 188
without, 188
here, 190
FYI, 190
likely, 190
deal, 190
Fyi, 190
Republicans, 192
officials, 193
Mr, 193
end, 193
care, 194
That, 195
D, 195
does, 196
June, 196
country, 197
vote, 197
You, 197
What, 197
day, 197
China, 197
*En, 197
tomorrow, 200
party, 200
Afghanistan, 201
said., 201
under, 201
Democrats, 201
Conference, 203
year, 203
leaders, 203
For, 204
issue, 205
got, 205
best, 206
send, 207
peace, 207
3, 208
set, 208
Democratic, 208
""The, 208
doing, 209
September, 209
May, 210
too, 211
group, 213
until, 214
part, 214
F-2015-04841, 215
So, 215
report, 215
05/13/2015, 215
SELECT, 216
SUBJECT, 216
PRODUCED, 216
REDACTIONS., 216
WAIVER., 216
BENGHAZI, 216
FOIA, 216
COMM., 216
Afghan, 216
DEPT., 216
INFORMATION, 217
today, 217
off, 218
AGREEMENT, 218
among, 219
national, 219
office, 221
speech, 221
NO, 222
great, 222
long, 222
administration, 222
SENSITIVE, 222
National, 223
B6, 223
give, 223
Case, 223
Americans, 224
HOUSE, 225
international, 225
Private, 225
state, 227
Date:, 228
Doc, 228
Residence, 229
let, 230
sure, 232
economic, 233
must, 234
same, 234
world, 237
There, 239
put, 239
STATE, 240
says, 242
years, 244
David, 245
She, 248
asked, 253
health, 253
another, 255
it., 256
might, 256
Huma, 259
ON, 259
Senate, 263
come, 265
down, 266
during, 266
while, 267
own, 271
Obama's, 273
since, 274
around, 275
percent, 275
help, 276
As, 276
including, 276
Cheryl, 279
Israeli, 281
meeting, 284
few, 284
go, 288
Washington, 289
it's, 289
say, 290
right, 293
such, 294
Israel, 294
military, 297
well, 297
DEPART, 301
then, 302
talk, 303
On, 305
Room, 309
former, 310
working, 311
Republican, 312
ARRIVE, 313
Re:, 313
president, 315
2, 316
still, 316
route, 316
called, 316
women, 319
Mr., 321
foreign, 325
may, 328
being, 330
security, 332
public, 335
take, 342
us, 342
I'm, 344
States, 345
policy, 348
1, 351
made, 352
&, 353
w, 357
MEETING, 357
through, 362
If, 365
don't, 366
A, 367
good, 367
way, 370
told, 372
where, 374
both, 375
next, 377
those, 380
before, 382
between, 391
US, 392
much, 395
going, 395
H, 395
They, 399
many, 402
New, 405
Secretary, 413
even, 416
because, 419
White, 425
against, 428
back, 440
did, 446
support, 451
No., 459
This, 466
Clinton, 468
make, 468
government, 476
AM, 476
political, 477
need, 484
how, 486
these, 487
TO, 488
"I, 492
very, 501
now, 504
President, 512
think, 512
two, 512
first, 513
only, 514
most, 514
them, 518
want, 522
last, 523
House, 525
see, 530
United, 532
work, 547
any, 547
time, 548
And, 561
It, 567
American, 568
my, 586
into, 588
after, 592
know, 603
PM, 605
him, 617
could, 620
over, 622
--, 627
some, 628
We, 633
Office, 644
new, 651
people, 656
no, 667
other, 672
she, 676
Secretary's, 678
should, 678
like, 685
He, 695
•, 705
call, 711
get, 712
2009, 715
than, 733
just, 736
there, 744
2010, 745
Department, 745
when, 755
up, 767
But, 768
me, 773
said, 796
also, 800
Obama, 814
her, 821
In, 851
your, 855
its, 856
one, 862
—, 892
what, 908
so, 913
U.S., 915
do, 919
out, 922
were, 954
if, 955
which, 968
State, 1011
all, 1030
more, 1087
been, 1089
can, 1141
our, 1145
had, 1186
"", 1219
-, 1320
their, 1343
or, 1423
am, 1426
who, 1448
pm, 1456
they, 1458
would, 1477
about, 1480
but, 1530
an, 1764
we, 2061
his, 2109
has, 2111
not, 2132
by, 2173
this, 2196
he, 2232
from, 2298
at, 2355
will, 2389
it, 2402
are, 2481
The, 2700
was, 2739
have, 2832
be, 2912
as, 3062
you, 3110
I, 3460
with, 3890
on, 4894
for, 5674
is, 5717
that, 6003
in, 9575
a, 10555
and, 13710
of, 13759
to, 16809
the, 28089
