Dining, 10
forget, 10
Brainard, 10
pages, 10
"That, 10
facilities, 10
Go, 10
Mitch, 10
Arizona, 10
supplies, 10
hero, 10
up?, 10
award, 10
things., 10
society,, 10
im, 10
advancing, 10
absolute, 10
both., 10
loyalty, 10
NrthE, 10
sets, 10
Regional, 10
"Why, 10
then., 10
fit, 10
versus, 10
Berlin, 10
history., 10
family., 10
efforts,, 10
crimes, 10
Ok?, 10
Huma;, 10
message,, 10
Bibi's, 10
coverage., 10
listen, 10
presidency., 10
Luce, 10
policies,, 10
flow, 10
notion, 10
solutions, 10
participate, 10
dc, 10
Organization, 10
Leaders, 10
men., 10
3:05, 10
resist, 10
S/P, 10
matters., 10
ambitions, 10
portrayed, 10
boss, 10
FYI., 10
money,, 10
growth,, 10
Donald, 10
Adams, 10
needed., 10
pointing, 10
murders, 10
declaring, 10
judge, 10
identify, 10
{, 10
Support, 10
appearing, 10
Michele, 10
public's, 10
commanders, 10
Fyi., 10
Nobody, 10
p.m., 10
Calls, 10
chapter, 10
objectives, 10
branch, 10
strongest, 10
feet, 10
proven, 10
Mercatus, 10
9., 10
Brock, 10
professional, 10
militias, 10
DIALOGUE, 10
billionaire, 10
fifty, 10
travels, 10
Deuel, 10
secretary,, 10
defining, 10
Look, 10
hungry, 10
true,, 10
MS, 10
DOD, 10
sports, 10
SESSION, 10
arrive, 10
priorities., 10
magazine, 10
BrnAgn, 10
hear., 10
recipient., 10
emailed, 10
thereby, 10
decade,, 10
establishing, 10
Eliot, 10
significantly, 10
scheme, 10
summary, 10
small,, 10
Cheryl,, 10
factors, 10
attracted, 10
correct, 10
theory, 10
Charles,, 10
necessarily, 10
caught, 10
Thinking, 10
authorized, 10
million., 10
violence,, 10
History, 10
return., 10
addressing, 10
Tories', 10
fucking, 10
conflict,, 10
intends, 10
recalled, 10
assault, 10
idea., 10
Domenici, 10
discovered, 10
sustained, 10
Stephen, 10
Province, 10
49%, 10
truly, 10
devolved, 10
Illinois, 10
Right, 10
worries, 10
reveals, 10
wonder, 10
Each, 10
undermine, 10
Post,, 10
cities, 10
resistance, 10
"On, 10
Barbara, 10
spirit, 10
steinberg, 10
Common, 10
stepped, 10
complained, 10
Carleto's, 10
inability, 10
efforts., 10
November., 10
We've, 10
East,, 10
preference, 10
ASEAN, 10
calculated, 10
attacks,, 10
provides, 10
UNGA, 10
refer, 10
think., 10
throw, 10
Add, 10
alleged, 10
12:05, 10
Contact:, 10
fraud, 10
organizations,, 10
organize, 10
Anything, 10
detailed, 10
follow-up, 10
watched, 10
depth, 10
website., 10
affairs., 10
peak, 10
Taitz, 10
grassroots, 10
46%, 10
reluctant, 10
Otherwise,, 10
Evngl, 10
HRC:, 10
titled, 10
September., 10
ignore, 10
tragedy, 10
naval, 10
airport, 10
marginal, 10
23%, 10
0.00%, 10
People's, 10
debate., 10
debate,, 10
Nor, 10
plan., 10
mtg?, 10
group's, 10
sold, 10
05,, 10
negotiation, 10
units, 10
posts, 10
engaging, 10
Ross, 10
Cath, 10
Relations., 10
feed, 10
Turkey, 10
that.", 10
sympathy, 10
Land, 10
Larry, 10
else., 10
group., 10
$2, 10
Murdoch, 10
Germans, 10
76, 10
Suite, 10
with,, 10
factor, 10
indeed,, 10
permission, 10
preparing, 10
11th, 10
"not, 10
ads, 10
leadership,, 10
suburbs, 10
dialogue, 10
solid, 10
straight, 10
expanded, 10
use., 10
temporary, 10
<a, 10
yet?, 10
Institute., 10
Club, 10
yet,, 10
entry, 10
Dennis, 10
emerging, 10
doors, 10
advocate, 10
marked, 10
signal, 10
jobs., 10
table., 10
ecial, 10
works., 10
twenty, 10
bureaus, 10
terrorists, 10
Speech, 10
pro-Israel, 10
Gore's, 10
link, 10
past., 10
independents, 10
Commissioner, 10
militants, 10
bankers, 10
2003, 10
dissidents, 10
citing, 10
UAE, 10
friendly, 10
Constitutional, 10
University,, 10
readout, 10
Powell, 10
exercise, 10
focuses, 10
chose, 10
ones., 10
involves, 10
.ap_popover_sprited, 10
addressed, 10
Nice, 10
MDF, 10
narratives, 10
Police, 10
links, 10
Cato, 10
stock, 10
Republicans', 10
Ryan, 10
road, 10
summer,, 10
Gonzalez, 10
Friedman, 10
Thanks,, 10
campaigned, 10
02,, 10
outlines, 10
university, 10
map, 10
staying, 10
chaos, 10
supports, 10
withdrawal, 10
surely, 10
re:, 10
things,, 10
Prot, 10
majority., 10
allied, 10
elite, 10
weren't, 10
accusing, 10
no-flight, 10
are., 10
}, 10
Matt, 10
Award, 10
many,, 10
operations., 10
Sri, 10
limits, 10
trips, 10
fyi., 10
schools,, 10
revolution, 10
together,, 10
citizenship, 10
2009),, 10
State,, 10
II, 10
9:40, 10
proximity, 10
developments, 10
Fyi,, 10
briefly, 10
recommendation, 10
supportive, 10
RON, 10
column, 10
letters, 10
-----, 10
Rehabilitation, 10
Chiefs, 10
bus, 10
'abedinh@state.gov', 10
covers, 10
Jesse, 10
friend., 10
contribute, 10
83, 10
guarantee, 10
Dems, 10
Ronald, 11
Office,, 11
Douglas, 11
phase, 11
guilty, 11
Amazon, 11
report., 11
controversy, 11
settled, 11
feelings, 11
strike, 11
Brown., 11
Reidel, 11
oscar, 11
wars, 11
defeated, 11
ABC, 11
circumstances, 11
Le, 11
ceremony, 11
NrthW, 11
Japanese, 11
2:05, 11
Spain, 11
ready., 11
Ehud, 11
*Approx., 11
scholar, 11
Smith,, 11
reasonable, 11
Sharif, 11
seats,, 11
at:, 11
MOD:, 11
perception, 11
"no, 11
Foundation,, 11
approximately, 11
March,, 11
approach,, 11
Search, 11
floor., 11
anxiety, 11
failing, 11
mine, 11
Room., 11
broadcast, 11
SthW, 11
framework, 11
Lisbon, 11
checks, 11
Fred, 11
distribute, 11
D.C., 11
Senators, 11
situation., 11
lots, 11
36%, 11
Podesta, 11
(AP), 11
BREAKFAST, 11
distinction, 11
money., 11
<MillsCD©state.gov>, 11
Board, 11
condemned, 11
entered, 11
drugs, 11
lift, 11
grown, 11
program., 11
question., 11
Independent, 11
min, 11
February,, 11
aside, 11
regarded, 11
requiring, 11
Biden's, 11
rapidly, 11
birth, 11
shadow, 11
Life, 11
42%, 11
Lew, 11
MPs, 11
tonite., 11
Washington's, 11
for., 11
raises, 11
Much, 11
Huckabee, 11
trafficking, 11
Questions, 11
Gov., 11
marks, 11
Cntrl, 11
proposals, 11
suspect, 11
health,, 11
Attached, 11
2:35, 11
father,, 11
case., 11
Foggy, 11
sharing, 11
goods, 11
currency, 11
ranking, 11
hours., 11
7pm, 11
succeeded, 11
pulled, 11
"What, 11
wealthy, 11
provision, 11
filibuster, 11
en, 11
148,, 11
complicated, 11
11:50, 11
ministry, 11
transition, 11
nonprofit, 11
'millscd@state.gov', 11
spoken, 11
ISI, 11
formaldehyde, 11
Labour's, 11
investors, 11
arguing, 11
printed, 11
complaints, 11
terrorism., 11
Flores, 11
awareness, 11
dispute, 11
Camp, 11
define, 11
Tauzin, 11
managing, 11
"is, 11
Note, 11
Points, 11
careful, 11
promising, 11
Taliban., 11
weakness, 11
extended, 11
assist, 11
tradition, 11
bodies, 11
blow, 11
Council,, 11
either., 11
listening, 11
U.N., 11
Bush,, 11
Woodrow, 11
think,, 11
outreach, 11
Vietnam, 11
Poll, 11
'preines, 11
valuable, 11
decisive, 11
NW, 11
6:45, 11
Pakistan,, 11
taught, 11
Real, 11
House's, 11
48%, 11
pledged, 11
Durbin, 11
Arturo, 11
decision., 11
talk., 11
shortly., 11
control., 11
WstCnt, 11
24%, 11
hour., 11
section, 11
Services,, 11
guns, 11
K, 11
PVerveer, 11
life,, 11
allows, 11
prior, 11
eye, 11
children., 11
door, 11
glad, 11
pressing, 11
abandon, 11
revealed, 11
(with, 11
say., 11
breaking, 11
talks,, 11
credible, 11
Hebrew, 11
banks, 11
Armed, 11
"in, 11
10:50, 11
wrote,, 11
course., 11
reflected, 11
system,, 11
Posted, 11
initiatives, 11
Israeli-Palestinian, 11
Hamid, 11
extend, 11
upper, 11
threatening, 11
first,, 11
normal, 11
Holocaust, 11
sponsored, 11
clean, 11
attacking, 11
with., 11
Michelle, 11
resolve, 11
obscure, 11
city., 11
NoColl, 11
knowing, 11
Mousavi, 11
objective, 11
L, 11
pace, 11
Coll, 11
Newmyer, 11
resulting, 11
SthE, 11
RECEPTION, 11
11:20, 11
12:40, 11
Labor, 11
shape, 11
"Obama, 11
tables, 11
C., 11
boys, 11
contacts, 11
suffering, 11
Little, 11
delegation, 11
and/or, 11
Pittsburgh, 11
5:10, 11
AM,, 11
30%, 11
review., 11
contributor, 11
NEW, 11
exposed, 11
sections, 11
Tauscher, 11
checked, 11
Rayburn, 11
existing, 11
Business, 11
Donilon, 11
helps, 11
issue,, 11
Asked, 11
arrange, 11
they've, 11
5:05, 11
response., 11
Howard, 11
Palestine, 11
Wiking, 11
Alan, 11
Video, 11
gathered, 11
northern, 11
Instead, 11
33%, 11
scandal, 11
himself,, 11
Friends, 11
eager, 11
experienced, 11
negotiate, 11
eastern, 11
FCO:, 11
yesterday,, 11
embassy, 11
Ford,, 11
al-Qaida, 11
unknown, 11
nobody, 11
clip, 11
comfortable, 11
minds, 11
worldwide, 11
Mullen, 11
Reserve, 11
institutional, 11
April,, 11
Sullivan, 11
anything,, 11
Steinberg, 11
frame, 11
1.4(B), 11
ground., 11
(The, 11
PD, 11
ideas., 11
2002, 11
Second,, 11
conclude, 11
together., 11
done,, 11
provinces, 11
thanked, 11
Staff:, 11
prescription, 11
Presidents, 11
harder, 11
Qaddafi, 11
receives, 11
expand, 11
background-image:, 11
routinely, 11
offensive, 11
tight, 11
Dinner, 11
height, 11
Azerbaijan, 11
proper, 11
14th, 11
Baker, 11
surge, 11
happen., 11
McChrystal,, 11
guard, 11
roads, 11
Craig, 11
Amb, 11
intention, 11
Petraeus,, 11
Chamber, 11
flexible, 11
acting, 11
pin, 11
rumors, 11
detail, 11
"I've, 11
ultimately, 11
portion, 11
NYT, 12
controversial, 12
candidates,, 12
"an, 12
shouldn't, 12
@, 12
updated, 12
today:, 12
enjoy, 12
contributed, 12
report,, 12
upset, 12
cheryl.mills, 12
contribution, 12
Three, 12
military,, 12
theories, 12
badly, 12
Hill,, 12
classified, 12
Four, 12
operatives, 12
husband, 12
45%, 12
surprise, 12
newly, 12
enormous, 12
role., 12
B, 12
begins, 12
company's, 12
point,, 12
Attorney, 12
implementation, 12
hostility, 12
die, 12
covering, 12
officially, 12
90, 12
term., 12
term,, 12
Be, 12
travels., 12
represented, 12
Kerry, 12
confident, 12
speeches, 12
split, 12
suddenly, 12
54, 12
successfully, 12
Hillsborough, 12
left., 12
Jake,, 12
op-ed, 12
Keith, 12
5%, 12
WHA, 12
Muscatine, 12
initially, 12
resulted, 12
lowest, 12
proved, 12
2:20, 12
sometime, 12
manager, 12
row, 12
Columbia, 12
VIDEOS, 12
praised, 12
division, 12
2004,, 12
Inside, 12
Economics, 12
Dean, 12
3:20, 12
brilliant, 12
challenging, 12
10:10, 12
memory, 12
associated, 12
Thursday., 12
Latest, 12
topic, 12
Terms, 12
future,, 12
tonite, 12
whenever, 12
troops., 12
serving, 12
acknowledge, 12
view,, 12
et, 12
12:10, 12
honest, 12
Black, 12
size, 12
Kurt, 12
Stevens, 12
media,, 12
1.4(B),, 12
miles, 12
Colonel, 12
murdered, 12
teens, 12
caucus, 12
doing., 12
insist, 12
resentment, 12
65, 12
Boehner's, 12
motives, 12
Cameron's, 12
consultant, 12
consistently, 12
events., 12
schedule., 12
rose, 12
Lavrov, 12
sharp, 12
noon, 12
Southeast, 12
Handheld, 12
times,, 12
community,, 12
Evnglcl, 12
Millennium, 12
assumed, 12
racist, 12
younger, 12
are,, 12
fill, 12
deserve, 12
details., 12
itself,, 12
itself., 12
Mexican, 12
surrounded, 12
founded, 12
deadline, 12
confidential, 12
tribal, 12
contrast, 12
Avenue, 12
story., 12
markets, 12
stick, 12
broke, 12
foundations, 12
crisis,, 12
debates, 12
recall, 12
mtgs, 12
phrase, 12
talks., 12
impact., 12
Americans., 12
fundamental, 12
Bottom, 12
existence, 12
Oct, 12
heavy, 12
times., 12
Boston, 12
TBD, 12
traveled, 12
pledge, 12
McHale,, 12
lobby, 12
militant, 12
first., 12
India., 12
service., 12
substantial, 12
Got, 12
gathering, 12
Google, 12
Honduran, 12
Note:, 12
securing, 12
remove, 12
achieved, 12
dramatic, 12
definitely, 12
[10, 12
representatives, 12
to,, 12
succeed, 12
prospects, 12
California, 12
lived, 12
match, 12
Sodini, 12
advise, 12
presidents, 12
monday, 12
excited, 12
confront, 12
trends, 12
Economy, 12
Massachusetts, 12
WJC's, 12
primarily, 12
raising, 12
windows, 12
side,, 12
Edward, 12
income, 12
walked, 12
Betsy, 12
Tuesday., 12
result,, 12
Hagee, 12
array, 12
settlers, 12
Bilateral, 12
life., 12
degree, 12
Freedom, 12
added,, 12
MONDAY, 12
panel, 12
formally, 12
upcoming, 12
Beast, 12
abuse, 12
Denis, 12
Interior, 12
agricultural, 12
responsibilities, 12
choose, 12
covered, 12
article., 12
happened., 12
books, 12
increases, 12
Which, 12
CEO, 12
integrated, 12
regulatory, 12
w/REGIONAL, 12
Juarez's, 12
adopted, 12
Hitler, 12
loved, 12
hearings, 12
Libya's, 12
fail, 12
Airways, 12
Radio, 12
principal, 12
ambiguity, 12
regularly, 12
handle, 12
candidate,, 12
closer, 12
PA, 12
frustrated, 12
mainly, 12
Forum, 12
takeover, 12
expected., 12
Gen, 12
June,, 12
will., 12
balance, 12
uniform, 12
records, 12
simple, 12
admitted, 12
sustain, 12
demonstrated, 12
Kenya, 12
weeks,, 12
gained, 12
bills, 12
executives, 12
north, 12
<SlaughterA@state.gov>, 12
tactics, 12
friend,, 12
crusade, 12
Safe, 12
47, 12
repeat, 12
resolution, 12
Well,, 12
Ireland,, 13
Watch, 13
affect, 13
Europeans, 13
27%, 13
protection, 13
governing, 13
leaves, 13
Privacy, 13
unit, 13
therefore, 13
support,, 13
pursue, 13
indicated, 13
Brian, 13
1pm, 13
demanding, 13
satisfied, 13
easier, 13
affected, 13
luck, 13
Holy, 13
message., 13
encourage, 13
Work, 13
starts, 13
priorities, 13
War,, 13
Working, 13
featured, 13
reporter, 13
libertarian, 13
reputation, 13
bomb, 13
driving, 13
Others, 13
Internet, 13
38%, 13
FYI,, 13
countries,, 13
25%, 13
asks, 13
anti-, 13
Christopher, 13
aim, 13
shortly, 13
thing., 13
mother, 13
opinions, 13
emphasis, 13
2007,, 13
Newt, 13
breaks, 13
5., 13
left,, 13
consensus, 13
Party's, 13
education,, 13
Draft, 13
Geithner, 13
test, 13
concept, 13
public., 13
grateful, 13
Senate., 13
society., 13
perceived, 13
round, 13
trend, 13
11:40, 13
targets, 13
falling, 13
F, 13
fly, 13
adviser,, 13
Hillary:, 13
vital, 13
speaks, 13
product, 13
agenda,, 13
Islam, 13
revised, 13
shown, 13
11:55, 13
Either, 13
impossible, 13
participated, 13
Patrick, 13
representing, 13
Until, 13
Laszczych,, 13
Beck's, 13
Party., 13
filed, 13
slow, 13
favorite, 13
PC, 13
media., 13
determine, 13
relative, 13
1:20, 13
8:40, 13
Through, 13
FISA, 13
Team, 13
destroyed, 13
peaceful, 13
3:45, 13
otherwise, 13
weekly, 13
extensive, 13
serves, 13
Army, 13
DeMint, 13
Center,, 13
Street,, 13
package, 13
intervention, 13
legacy, 13
Britain's, 13
hire, 13
amendments, 13
Mary, 13
US., 13
appearance, 13
lawyer, 13
stood, 13
progress., 13
losses, 13
(see, 13
Taliban,, 13
narrow, 13
Aug, 13
governance, 13
tested, 13
SS, 13
strategies, 13
Russia,, 13
Tomorrow, 13
Secretary,, 13
Democrat,, 13
stayed, 13
attitude, 13
strange, 13
fine., 13
minutes., 13
Tripoli, 13
safety, 13
belief, 13
PHIL, 13
Haaretz, 13
leverage, 13
event., 13
India,, 13
movement's, 13
forward,, 13
Zionist, 13
Governor, 13
70, 13
was,, 13
carefully, 13
Has, 13
Republicans., 13
dependent, 13
secular, 13
Empey, 13
France, 13
VerveerMS@state.gov, 13
31%, 13
(a, 13
visiting, 13
Professor, 13
risks, 13
targeted, 13
barely, 13
Adviser, 13
Mack, 13
Jennifer, 13
south, 13
room., 13
grand, 13
WHITE, 13
We're, 13
B5,B6, 13
Blair's, 13
helpful, 13
effort., 13
absolutely, 13
religion, 13
Nothing, 13
Kentucky, 13
Ron, 13
plenty, 13
Later, 13
invite, 13
Woodward, 13
Twitter, 13
nationalist, 13
Udall, 13
East., 13
b/c, 13
replace, 13
requires, 13
Emanuel,, 13
wave, 13
sanctions, 13
you'd, 13
;, 13
Energy, 13
manage, 13
Brazilian, 13
illegal, 13
ministers, 13
occurred, 13
line., 13
Guards, 13
Politics, 13
volunteers, 13
Schedule, 13
landed, 13
Supreme, 13
Treasury, 13
80, 13
defend, 13
activist, 13
red, 13
<HDR22@clintonemail.com>, 13
Harvard, 13
Review, 13
quality, 13
interest., 13
desk, 13
region,, 13
Greece, 13
Karzai's, 13
stuff, 13
tend, 13
etc, 13
Los, 13
lies, 13
treat, 13
controlled, 13
abandoned, 13
PhRMA, 13
demanded, 13
drawing, 13
28%, 13
smart, 13
historic, 13
Holbrooke's, 13
employment, 13
hours,, 13
himself., 13
centrist, 13
negotiations., 13
witness, 13
Knesset, 13
Shuttle, 13
diplomat, 13
again,, 13
U, 13
Act, 13
time:, 13
ideological, 13
2005., 14
7516, 14
vast, 14
skills, 14
Oslo, 14
encouraged, 14
beaten, 14
conduct, 14
relationships, 14
forum, 14
6805, 14
hurt, 14
647-7283, 14
enter, 14
the., 14
40%, 14
history,, 14
Luntz, 14
Committee,, 14
AFB, 14
standard, 14
be., 14
Remind, 14
York., 14
onto, 14
Academy, 14
compromise, 14
floor,, 14
2008., 14
decades,, 14
her?, 14
willingness, 14
McConnell, 14
sound, 14
prison, 14
Valmoro,, 14
guidance, 14
solution., 14
(including, 14
Executive, 14
Germany's, 14
attacked, 14
Palestinians., 14
leaders., 14
Jonathan, 14
Baghdad, 14
govt, 14
58, 14
born, 14
O'Keefe, 14
Statement, 14
intellectual, 14
Korean, 14
fought, 14
GMT, 14
Sir, 14
faces, 14
papers, 14
Con, 14
aware, 14
flotilla, 14
chair, 14
12:20, 14
health., 14
hadn't, 14
Europe., 14
studies, 14
NW,, 14
Kochs', 14
recently,, 14
do?, 14
values, 14
council, 14
till, 14
actual, 14
Verizon, 14
R., 14
equality, 14
647-7288, 14
entirely, 14
opened, 14
seriously, 14
suggesting, 14
inevitable, 14
trillion, 14
Inc., 14
Summit, 14
commit, 14
allegations, 14
Left, 14
Education, 14
infrastructure, 14
Lieberman, 14
tour, 14
learning, 14
Democrats', 14
50%, 14
LUNCH, 14
photos, 14
yes,, 14
worry, 14
it.", 14
constitutional, 14
solve, 14
charged, 14
10., 14
Ganley, 14
jake, 14
process", 14
dark, 14
Blk, 14
territory, 14
mood, 14
think?, 14
staff., 14
approach., 14
card, 14
al, 14
ICM, 14
evening., 14
US,, 14
represent, 14
suburban, 14
(in, 14
development., 14
advertising, 14
deal,, 14
"My, 14
(who, 14
McGuinness, 14
guest, 14
El, 14
launch, 14
experts, 14
[drive, 14
quotes, 14
interviewed, 14
focusing, 14
2001., 14
ratings, 14
finding, 14
donor, 14
hired, 14
usual, 14
occupation, 14
Maria, 14
J., 14
guys, 14
Kissinger, 14
reverse, 14
influential, 14
arrest, 14
Gingrich, 14
success., 14
She's, 14
governor, 14
behavior, 14
backing, 14
retired, 14
projects, 14
individuals, 14
province, 14
benefit, 14
AMS, 14
congressman, 14
72, 14
Secy's, 14
afford, 14
reportedly, 14
Joint, 14
position., 14
wishes, 14
wrong., 14
reconciliation, 14
concessions, 14
delivering, 14
implement, 14
danger, 14
camera, 14
train, 14
pieces, 14
announcing, 14
us,, 14
recognized, 14
yesterday., 14
Institute,, 14
7:45, 14
Belfast, 14
bid, 14
Russian, 14
9:55, 14
Goldman, 14
Science, 14
dinner., 14
Hvn, 14
PHOTOS, 14
Update, 14
Part, 14
Whether, 14
Tehran, 14
official., 14
pis, 14
occupied, 14
shuttle, 14
correspondent, 14
4., 14
Sarkozy, 14
who's, 14
Sun, 14
church, 14
expansion, 14
conflict., 14
addition,, 14
Ted, 14
Besides, 14
conclusion, 14
Friday., 14
MS,, 14
her,, 15
century., 15
Axelrod, 15
mutual, 15
company,, 15
Russians, 15
atmosphere, 15
Sick, 15
opponents, 15
Brown,, 15
League, 15
Jordan, 15
Weiner, 15
Civil, 15
appreciate, 15
ultimate, 15
feedback, 15
DINNER, 15
39%, 15
hosted, 15
threatened, 15
campaigns, 15
people's, 15
Nixon, 15
girls, 15
sees, 15
do,, 15
Kennedy,, 15
2006,, 15
lessons, 15
them.", 15
Soviet, 15
weekend., 15
Jerusalem,, 15
Doug, 15
requests, 15
Fwd:, 15
unpopular, 15
employees, 15
Hamas, 15
steps, 15
removed, 15
BUREAU, 15
murder, 15
Mission, 15
'I, 15
managed, 15
Department's, 15
off., 15
turns, 15
43%, 15
merely, 15
avoiding, 15
dedicated, 15
WtBrnAgn, 15
indeed, 15
ended, 15
months., 15
hall, 15
Stanley, 15
remind, 15
attended, 15
Times., 15
warning, 15
REMARKS, 15
Stormont, 15
postconflict, 15
aggressive, 15
crime, 15
come., 15
bureau, 15
Members, 15
7:15, 15
Brown's, 15
contract, 15
columnist, 15
informed, 15
educated, 15
formed, 15
Jm, 15
worried, 15
Sudan, 15
(T), 15
McCain, 15
widespread, 15
aspects, 15
groups., 15
Before, 15
Democracy, 15
_, 15
Palin's, 15
Taab, 15
acknowledged, 15
Harry, 15
describe, 15
Monica, 15
Read, 15
Atlantic, 15
thousand, 15
bilateral, 15
city's, 15
caused, 15
Jamal, 15
condition, 15
replaced, 15
pick, 15
options, 15
deals, 15
turnout, 15
St, 15
year's, 15
Heyman, 15
system., 15
referred, 15
movement,, 15
6., 15
grew, 15
8:35, 15
Power, 15
Food, 15
"These, 15
understands, 15
activity, 15
sustainable, 15
Yeo, 15
Love, 15
fire, 15
College, 15
error, 15
Cold, 15
away., 15
affairs, 15
uses, 15
Nancy, 15
alternative, 15
parents, 15
bin, 15
multilateral, 15
chamber, 15
Jimmy, 15
democracy,, 15
strategy., 15
11., 15
immigration, 15
Irish, 15
Books, 15
side., 15
constant, 15
diplomacy,, 15
Presentation, 15
Verveer,, 15
Scott, 15
broader, 15
fewer, 15
smaller, 15
Long, 15
commercial, 15
Back, 15
far,, 15
Africa., 15
watch, 15
ethnic, 15
delay, 15
41%, 15
material, 15
establishment, 15
[the, 15
related, 15
ambassadors, 15
shut, 15
Pelosi, 15
AFFAIRS, 15
partnership, 15
Senate's, 15
development,, 15
earned, 15
understood, 15
opening, 15
promoted, 15
thus, 15
AIPAC, 15
highlighted, 15
change,, 15
Reason:, 15
Welch, 15
Company, 15
Singapore, 15
Gelb, 15
Japan, 15
We'll, 15
repeated, 15
convince, 15
w/ASSISTANT, 15
administration,, 15
protest, 16
fired, 16
Clegg, 16
street, 16
M., 16
estimated, 16
reconstruction, 16
excellent, 16
era, 16
Forman, 16
wjc, 16
lay, 16
operate, 16
mayor, 16
Liberal, 16
returning, 16
asap., 16
collapse, 16
Department,, 16
Lewis, 16
enjoyed, 16
Free, 16
DC., 16
meeting,, 16
AT&T, 16
administration., 16
air, 16
soldier, 16
potentially, 16
documents, 16
academic, 16
agency, 16
56, 16
offices, 16
slightly, 16
"And, 16
statement., 16
[5, 16
Commission, 16
Jiloty, 16
none, 16
seemingly, 16
advised, 16
gun, 16
3:25, 16
funded, 16
usually, 16
----, 16
cases, 16
dropped, 16
Walter, 16
F.M., 16
did., 16
conversations, 16
begun, 16
activities, 16
Jon, 16
invasion, 16
conspiracy, 16
Services, 16
discussing, 16
seat, 16
Principals, 16
Assembly, 16
wake, 16
visit., 16
movement., 16
changing, 16
violent, 16
audience, 16
bipartisan, 16
regard, 16
ad, 16
moves, 16
film, 16
referring, 16
laid, 16
difference, 16
ongoing, 16
responded, 16
operating, 16
Constitution, 16
trained, 16
requested, 16
ahead., 16
stated, 16
mtg., 16
fm, 16
playing, 16
Texas, 16
Brussels, 16
communities, 16
Raj, 16
miss, 16
", 16
points., 16
instance,, 16
percentage, 16
2001,, 16
sell, 16
agencies, 16
session, 16
connection, 16
Industries, 16
wife,, 16
decline, 16
Nation, 16
residents, 16
it,", 16
spring, 16
urgent, 16
Voters, 16
militia, 16
hoped, 16
Ashton, 16
recognition, 16
e, 16
age, 16
mainstream, 16
more., 16
PHOTO, 16
week's, 16
Prosperity, 16
journalists, 16
Claire, 16
lock, 16
WORKING, 16
negotiated, 16
holiday, 16
western, 16
patients, 16
selling, 16
collaboration, 16
device, 16
News,, 16
Llosa, 16
goals, 16
chances, 16
taxes, 16
Both, 16
favor, 16
equal, 16
relevant, 16
facts, 16
remarkable, 16
respected, 16
State., 16
restore, 16
Then,, 16
202-647-5548., 16
rights,, 16
ruling, 16
demonstrate, 16
universal, 16
partly, 16
–, 16
blog, 16
reform,, 17
founder, 17
rescue, 17
problems., 17
ill, 17
established, 17
general,, 17
20520, 17
explained, 17
war,, 17
safe, 17
bank, 17
represents, 17
Planning, 17
is., 17
experience,, 17
W, 17
to., 17
Buckley, 17
attempts, 17
quoted, 17
rich, 17
discussions, 17
Navy, 17
tone, 17
Citizens, 17
INTERVIEW, 17
spread, 17
Now,, 17
sends, 17
somehow, 17
stronger, 17
connected, 17
civic, 17
'sbwhoeop, 17
proud, 17
ship, 17
setting, 17
brothers, 17
corps, 17
minute, 17
guy, 17
Orthodox, 17
winner, 17
Calling, 17
Best,, 17
14%, 17
accepted, 17
A/S, 17
drop, 17
journalist, 17
Court, 17
law,, 17
offering, 17
performance, 17
laws, 17
college, 17
legitimacy, 17
Joseph, 17
dates, 17
ordered, 17
mark, 17
newspaper, 17
telephone, 17
charges, 17
summer, 17
groups,, 17
Operations, 17
collective, 17
racial, 17
content, 17
week?, 17
Original, 17
USA, 17
60%, 17
Kurdish, 17
Phil, 17
www.chathamhouse.org.uk, 17
appointment, 17
two-state, 17
Don't, 17
lobbyist, 17
care,, 17
Haiti's, 17
nine, 17
you've, 17
desperately, 17
(I, 17
missed, 17
blacks, 17
fallen, 17
foreign-policy, 17
interviews, 17
647-2972, 17
strengthen, 17
Reg, 17
approved, 17
Egypt, 17
cover, 17
Majority, 17
feels, 17
emails, 17
defense, 17
leadership., 17
flight, 17
gay, 17
older, 17
Bibi, 17
7., 17
block, 17
Shah, 17
Verveer, 17
directed, 17
Beijing, 17
©, 17
car, 17
picked, 17
wide, 17
obvious, 17
labor, 17
maternal, 17
Gary, 17
Republican,, 17
book., 17
useful, 17
you'll, 17
one,, 17
pleased, 17
end,, 17
York-LaGuardia, 17
part,, 17
credibility, 17
Downing, 17
rights., 17
Speaking, 17
rare, 17
introduced, 17
alliance, 17
disapproval, 17
now?, 17
limit, 17
CIA, 17
rejected, 17
---, 17
in,, 17
Abbas, 18
Communist, 18
up,, 18
vote?, 18
elections., 18
double, 18
type, 18
Abu, 18
Lord, 18
recovery, 18
amid, 18
Burns, 18
crisis., 18
Jerusalem., 18
sounds, 18
network, 18
target, 18
mind, 18
strength, 18
point., 18
AMBASSADOR, 18
violence., 18
Fax:, 18
extent, 18
remained, 18
January,, 18
voices, 18
presidency, 18
Georgetown, 18
possibly, 18
Finally,, 18
57, 18
African-American, 18
assessment, 18
happening, 18
devoted, 18
promoting, 18
terror, 18
best., 18
endorse, 18
Ben, 18
Monday., 18
power-sharing, 18
natural, 18
joint, 18
ones, 18
stability, 18
English, 18
emerged, 18
Article, 18
sat, 18
Comments, 18
watching, 18
job., 18
period, 18
poll,, 18
combined, 18
cast, 18
Nazi, 18
measure, 18
except, 18
donations, 18
officials,, 18
Ellen, 18
out,, 18
image, 18
Still,, 18
Libya., 18
suggestions, 18
Forces, 18
absence, 18
systems, 18
bought, 18
participants, 18
Mayor, 18
Brunner, 18
Zionism, 18
6:10, 18
Disapprove, 18
businesses, 18
beat, 18
circle, 18
threats, 18
politics., 18
Greek, 18
presented, 18
who,, 18
PREP, 18
Strategy, 18
About, 18
purpose, 18
Approve, 18
Hvn't, 18
guide, 18
creation, 18
75, 18
regular, 18
apparent, 18
TNC, 18
formal, 18
structure, 18
vice, 18
summit, 18
receive, 18
days,, 18
polling, 18
concluded, 18
pushing, 18
44%, 18
engage, 18
lobbying, 18
Iran., 18
midterm, 18
F., 18
advocates, 18
weeks., 18
hand,, 18
puts, 18
Print, 18
advisor, 18
Cc:, 18
economy., 18
improving, 18
precisely, 18
checking, 18
visited, 18
children,, 18
eyes, 18
Thanks., 18
Central, 18
comment, 18
strongly, 18
done., 18
nomination, 18
debt, 18
copies, 18
home,, 18
players, 18
reporting, 18
35%, 18
9:45, 18
work,, 18
Despite, 18
Dirksen, 18
Rove, 18
reaching, 18
Finance, 18
transfer, 18
placed, 18
education, 18
consistent, 19
2001, 19
b/I, 19
Relations, 19
recommend, 19
involvement, 19
locked, 19
maintain, 19
Monroe, 19
somewhat, 19
persuade, 19
feeling, 19
Copenhagen, 19
hunger, 19
Philippe, 19
twice, 19
disaster, 19
Per, 19
cutting, 19
countries., 19
argue, 19
Given, 19
trust, 19
2201, 19
showing, 19
dealing, 19
Feb, 19
hikers, 19
County, 19
Today, 19
passage, 19
Rich, 19
CNN, 19
water, 19
case,, 19
opposed, 19
Wht, 19
plus, 19
southern, 19
months,, 19
Tbd, 19
DROP-BY, 19
Such, 19
much., 19
Situation, 19
veteran, 19
Lib, 19
Research, 19
Large, 19
later., 19
Corker, 19
direction, 19
moral, 19
model, 19
action., 19
Bush's, 19
facing, 19
images, 19
peace,, 19
Pakistan., 19
San, 19
Year, 19
overseas, 19
opportunities, 19
PRIME, 19
tomorrow?, 19
cable, 19
Susan, 19
Contact, 19
inspired, 19
armed, 19
anytime, 19
annual, 19
Sounds, 19
generation, 19
backed, 19
radical, 19
corporations, 19
"When, 19
determined, 19
costs, 19
traditional, 19
express, 19
progressive, 19
Sep, 19
#, 19
expert, 19
electoral, 19
Though, 19
BY, 19
Today,, 19
representative, 19
virtually, 19
comprehensive, 19
Below, 19
openly, 19
interests., 19
continuing, 19
nice, 19
Peace, 19
back,, 19
contributions, 19
37%, 19
euro, 19
extreme, 19
writer, 19
headed, 19
Republicans,, 19
wonderful, 19
Russia, 19
Mrs, 19
Figures, 19
lines, 19
problem., 19
mandate, 19
4:45, 19
priority, 19
familiar, 19
btw, 19
Preliminary, 19
neither, 19
official,, 19
Get, 19
homes, 19
stands, 19
"I'm, 19
e-mail, 19
frustration, 19
recognize, 19
gap, 19
repeatedly, 20
heading, 20
others,, 20
path, 20
kids, 20
Muslims, 20
ordinary, 20
wing, 20
Thomas, 20
carry, 20
brings, 20
voters., 20
arrived, 20
night,, 20
AT, 20
Congressional, 20
Ministry, 20
victims, 20
thanks, 20
adding, 20
leaders,, 20
save, 20
losing, 20
Clinton., 20
reality, 20
picture, 20
let's, 20
zone, 20
month,, 20
we'll, 20
shift, 20
angry, 20
Glenn, 20
court, 20
Congress., 20
interesting, 20
principles, 20
7th, 20
possibility, 20
longtime, 20
drive, 20
Fisher, 20
Juarez, 20
capable, 20
editorial, 20
margin, 20
Service, 20
thinks, 20
deficit, 20
rising, 20
pharmaceutical, 20
Society, 20
politically, 20
2006, 20
faxed, 20
tomorrow,, 20
Korea, 20
civilians, 20
engaged, 20
Nora, 20
notes, 20
imagine, 20
conducted, 20
treated, 20
God, 20
extremely, 20
personally, 20
Richards, 20
King, 20
days., 20
context, 20
village, 20
firm, 20
relatively, 20
task, 20
reflect, 20
settlements, 20
Gulf, 20
doubt, 20
hopes, 20
medical, 20
defined, 20
rally, 20
peace., 20
required, 20
Mrs., 20
help., 20
survey, 20
honor, 20
names, 20
sit, 20
holds, 20
produced, 20
Voting, 20
meeting., 20
economy,, 20
legislative, 20
reference, 20
colleagues, 20
declined, 20
brand, 20
combat, 20
brother, 20
value, 20
parts, 20
happens, 20
46, 20
CONFERENCE, 20
Henry, 21
solution, 21
Polish, 21
increasing, 21
aren't, 21
elections,, 21
actions, 21
but,, 21
arrested, 21
aide, 21
struggle, 21
dozen, 21
devolution, 21
radio, 21
providing, 21
Southern, 21
over., 21
Maybe, 21
expanding, 21
participation, 21
others., 21
attached, 21
conservatives, 21
environment, 21
appeal, 21
"peace, 21
Those, 21
Leslie, 21
cuts, 21
cabinet, 21
jobs,, 21
afternoon., 21
D;, 21
Party,, 21
Web, 21
WH, 21
negative, 21
farmers, 21
weapons, 21
Declassify, 21
Democrats., 21
Leader, 21
announcement, 21
welcome, 21
closed, 21
reduce, 21
Lady, 21
includes, 21
dollar, 21
talk?, 21
investment, 21
search, 21
capital, 21
Mexico, 21
change., 21
stopped, 21
arms, 21
Virginia, 21
services, 21
Honduras, 21
networks, 21
missing, 21
describes, 21
fund, 21
hoping, 21
So,, 21
Economic, 21
process,, 21
demands, 21
5:15, 21
refused, 21
30,, 21
Portman, 21
diplomacy., 21
institutions, 21
resources, 21
Fund, 21
Former, 21
3., 21
2:45, 21
confidence, 21
easily, 21
ties, 21
Smith, 21
bill,, 21
management, 21
environmental, 21
campaign,, 21
viewed, 21
consequences, 21
looked, 21
decade, 21
pull, 21
2000, 21
command, 21
heavily, 21
Chairman, 21
First,, 21
PM,, 21
worse, 21
decisions, 22
advocacy, 22
foundation, 22
power,, 22
thoughts, 22
Vargas, 22
Latin, 22
ending, 22
de, 22
becomes, 22
cooperation, 22
nature, 22
Ulster, 22
planned, 22
25,, 22
unlikely, 22
aimed, 22
month., 22
initial, 22
Andrew, 22
Jones,, 22
11:45, 22
understanding, 22
Europe,, 22
Stupak, 22
2007, 22
pointed, 22
<, 22
AVAILABILITY, 22
regarding, 22
Degree, 22
Dick, 22
document, 22
A., 22
fully, 22
Yes., 22
trip., 22
words,, 22
Eikenberry, 22
Sent:, 22
know,, 22
offers, 22
/, 22
evening, 22
America,, 22
positions, 22
house., 22
research, 22
TEAM, 22
11:15, 22
writes, 22
Base, 22
politics,, 22
reasons, 22
capacity, 22
well,, 22
<JilotyLC@state.gov>, 22
people., 22
obviously, 22
Americans,, 22
Here's, 22
Haiti,, 22
Cherie, 22
stimulus, 22
light, 22
agriculture, 22
list., 22
populist, 22
Jackie, 22
partisan, 22
essentially, 22
increased, 22
loss, 22
broad, 22
staff,, 22
counterinsurgency, 22
promise, 22
place., 22
mass, 22
sorry, 23
better., 23
today?, 23
bringing, 23
widely, 23
messages, 23
historical, 23
voting, 23
folks, 23
Over, 23
drawn, 23
dozens, 23
website, 23
catch, 23
launched, 23
Tel:, 23
yes, 23
52, 23
hung, 23
dead, 23
total, 23
right,, 23
weekend, 23
advantage, 23
Senate,, 23
quick, 23
prefer, 23
market, 23
prove, 23
Time, 23
IDF, 23
appropriate, 23
Hall, 23
not., 23
daily, 23
committee, 23
Wilders, 23
killing, 23
blame, 23
way,, 23
Analysis, 23
draw, 23
wife, 23
America., 23
To:, 23
disapprove, 23
forward., 23
Medicare, 23
culture, 23
Was, 23
century, 23
finds, 23
emergency, 23
Frank, 23
Every, 23
registered, 23
active, 23
security., 23
sector, 23
government's, 23
reflects, 23
parliament, 23
effectively, 23
attend, 23
USAID, 23
identified, 23
"In, 23
morning,, 23
produce, 23
Oval, 23
USG, 23
built, 23
team., 23
Very, 23
argued, 23
1:45, 23
passing, 23
addition, 23
fellow, 23
student, 23
43, 23
necessary, 23
(or, 23
amendment, 23
McChrystal's, 23
stage, 23
carried, 23
inner, 23
party,, 24
Skousen's, 24
me,, 24
(which, 24
changed, 24
amount, 24
turning, 24
go., 24
engagement, 24
gives, 24
100, 24
funds, 24
benefits, 24
Law, 24
insisted, 24
unable, 24
55, 24
51, 24
Quinnipiac, 24
Indeed,, 24
fell, 24
father, 24
filled, 24
Haiti., 24
discuss., 24
remember, 24
QDDR, 24
party's, 24
happen, 24
2005,, 24
Eric, 24
lobbyists, 24
on,, 24
require, 24
outcome, 24
attempted, 24
hit, 24
average, 24
claiming, 24
care., 24
Alexander, 24
NSC, 24
Rep., 24
Daniel, 24
elements, 24
confirm, 24
Perhaps, 24
campaign., 24
call?, 24
field, 24
Take, 24
host, 24
PRESIDENT, 24
Libyan, 24
donors, 24
race, 24
Copyright, 24
President's, 24
minutes], 24
gotten, 24
J;, 24
kill, 24
percent,, 24
election., 24
Issues, 24
Joanne, 24
allowing, 24
officers, 24
Asian, 24
Nov, 24
issue., 24
paying, 24
body, 24
"He, 24
appointed, 24
democracy, 24
Catholic, 24
world,, 24
truth, 24
Dec, 24
site, 24
faced, 24
37, 24
lose, 24
coverage, 24
Iraq., 24
Britain, 24
49, 24
House., 25
assistance,, 25
presence, 25
Slaughter,, 25
kept, 25
showed, 25
Chicago, 25
ran, 25
mostly, 25
min], 25
Union, 25
far-right, 25
weak, 25
briefing, 25
can., 25
office,, 25
ago., 25
cultural, 25
bottom, 25
establish, 25
"But, 25
promised, 25
died, 25
text, 25
21st, 25
added, 25
core, 25
here,, 25
designed, 25
Once, 25
investigation, 25
on:, 25
so., 25
edits, 25
reaction, 25
invited, 25
Bloomberg, 25
gain, 25
60, 25
Instead,, 25
'JilotyLC@state.gov', 25
prepare, 25
original, 25
Diplomacy, 25
commander, 25
hour, 25
voters,, 25
intended, 25
advice, 25
➢, 25
moderate, 25
security,, 25
fine, 25
impact, 25
convinced, 25
JOINT, 25
31,, 25
conditions, 25
Steve, 25
alone, 25
8:00, 25
criticism, 25
PIs, 25
matters, 25
communications, 25
CEREMONY, 25
region., 25
Mills, 25
critics, 25
freeze, 25
coordination, 25
28,, 25
TREND:, 25
compared, 25
44, 25
Foundation, 26
hundreds, 26
supporters, 26
damage, 26
wrong, 26
schools, 26
vote., 26
Christian, 26
respond, 26
subject, 26
appeared, 26
Sorry, 26
internal, 26
game, 26
urged, 26
53, 26
true, 26
ELSE(VOL), 26
assume, 26
level, 26
City, 26
Rice, 26
example, 26
believes, 26
Dutch, 26
deal., 26
agenda., 26
statements, 26
rule, 26
argument, 26
law., 26
failure, 26
not,, 26
6,, 26
647-9071, 26
tonight., 26
winning, 26
polls, 26
learned, 26
nation's, 26
keeping, 26
learn, 26
developed, 26
2,, 26
Senior, 26
track, 26
effect, 26
marriage, 26
Revolutionary, 26
measures, 26
common, 26
7,, 26
Political, 26
fears, 26
politicians, 26
Unionist, 26
criticized, 26
Wilson, 26
(the, 26
Eastern, 26
Pat, 26
partners, 26
Because, 26
dangerous, 26
creating, 26
importance, 26
largest, 26
Wireless, 26
4,, 26
limited, 27
reform., 27
10,, 27
Cingular, 27
conf, 27
III, 27
minority, 27
down., 27
There's, 27
rhetoric, 27
vote,, 27
organization, 27
"You, 27
runs, 27
2:15, 27
fair, 27
basic, 27
greatest, 27
unemployment, 27
School, 27
charge, 27
Day, 27
Where, 27
Libya, 27
German, 27
abortion, 27
Federal, 27
Martin, 27
hands, 27
unfavorable, 27
promote, 27
12:15, 27
SMONE, 27
vision, 27
then,, 27
But,, 27
option, 27
eventually, 27
status, 27
VOTE(VOL), 27
thousands, 27
Obama., 27
issued, 27
sitting, 27
Fein, 27
ten, 27
Congress,, 27
particular, 27
Birch, 27
best,, 27
base, 27
Guardian, 27
night., 27
WLDN'T, 27
Media, 27
possible., 27
there,, 27
4:15, 27
analysis, 27
Karl, 27
risk, 27
narrative, 27
issues., 27
Miliband, 27
waiting, 27
3,, 27
,, 27
account, 27
Spray, 27
speech,, 27
Israel,, 27
Jiloty,, 27
bill., 27
7:00, 27
Xpress, 27
5:30, 27
Saturday, 27
Under, 27
stories, 27
President,, 27
criminal, 27
approve, 27
personnel, 27
Rodham, 27
prominent, 27
female, 27
buy, 27
places, 27
wish, 27
rural, 27
27,, 28
Slaughter, 28
Embassy, 28
Human, 28
modern, 28
office., 28
hrc, 28
Among, 28
Dodd, 28
Convention, 28
crowd, 28
holding, 28
Chris, 28
group,, 28
favorable,, 28
maybe, 28
Rights, 28
anger, 28
shot, 28
PRIVATE, 28
Marshall, 28
POTUS, 28
relief, 28
interested, 28
assembly, 28
study, 28
19,, 28
Conservatives, 28
BBC, 28
S., 28
Clips, 28
town, 28
state,, 28
ambassador, 28
signs, 28
6:30, 28
Government, 28
African, 28
say,, 28
due, 28
lower, 28
yet., 28
spend, 28
12:45, 28
complete, 28
SECRETARIES, 28
And,, 28
faith, 28
Rob, 28
warned, 28
TV, 28
sides, 28
she's, 28
putting, 28
exchange, 28
larger, 28
standing, 28
Iran,, 28
announce, 28
Blackberry, 28
one., 28
Hague, 28
proposal, 28
home., 28
Nations, 28
upon, 28
issues,, 28
China., 28
although, 28
challenges, 28
details, 28
Like, 28
friends, 28
Saudi, 28
leader,, 29
Group, 29
worst, 29
operations, 29
crucial, 29
2008,, 29
professor, 29
'sullivanjj@state.gov', 29
initiative, 29
online, 29
desire, 29
9,, 29
Lissa, 29
regime, 29
generally, 29
authorities, 29
government,, 29
battle, 29
suicide, 29
Netanyahu's, 29
country's, 29
behalf, 29
soon., 29
Times,, 29
Mail, 29
so,, 29
assistant, 29
elected, 29
deliver, 29
region, 29
couldn't, 29
table, 29
Jul, 29
low, 29
Should, 29
health-care, 29
pushed, 29
state., 29
Would, 29
Robinson, 29
expressed, 29
Fox, 29
we've, 29
advisers, 29
women,, 29
Their, 29
hasn't, 29
department, 29
Baucus, 29
book,, 29
completely, 29
reporters, 29
DUP, 29
unless, 29
eight, 29
you!, 29
knowledge, 29
figures, 29
Reid, 29
whatever, 29
avoid, 29
r, 29
me?, 30
join, 30
war., 30
organized, 30
massive, 30
administration's, 30
24,, 30
Gen., 30
tells, 30
exactly, 30
population, 30
previous, 30
hand, 30
easy, 30
specific, 30
country., 30
post, 30
leads, 30
Republic, 30
below., 30
decades, 30
on., 30
1., 30
2011, 30
reading, 30
am., 30
touch, 30
fall, 30
Speaker, 30
Benghazi, 30
<hrod17@clintonemail.com, 30
pretty, 30
9:00, 30
election,, 30
what's, 30
38, 30
deputy, 30
background, 30
heart, 30
Bob, 30
humanitarian, 30
Mar, 30
continued, 30
39, 30
president., 30
society, 30
', 30
Other, 30
Meanwhile,, 30
Subject:, 30
Pakistan's, 30
William, 30
aides, 31
credit, 31
attempt, 31
Administration, 31
Please, 31
hearing, 31
States., 31
Haitian, 31
Ohio, 31
2009., 31
apparently, 31
Shaun, 31
Oscar, 31
citizens, 31
son, 31
editor, 31
Ford, 31
Justice, 31
future., 31
television, 31
concern, 31
Democrats,, 31
negotiating, 31
21,, 31
Judith, 31
Biden, 31
separate, 31
10:45, 31
23, 31
2., 31
rating, 31
heads, 31
18,, 31
rates, 31
Chief, 31
levels, 31
range, 31
Jeff, 31
single, 31
Wednesday, 31
2010., 31
sort, 31
Abedin, 31
Two, 31
8,, 31
support., 31
concerns, 31
J, 31
achieve, 31
Representative, 31
success, 31
growth, 31
signed, 31
this?, 31
"There, 31
in., 31
Does, 32
spokesman, 32
What's, 32
too,, 32
States,, 32
Only, 32
near, 32
Emanuel, 32
top., 32
Home, 32
Lee, 32
afternoon, 32
7:30, 32
denied, 32
data, 32
democratic, 32
Oak, 32
Rahm, 32
develop, 32
events, 32
Although, 32
process., 32
protect, 32
wasn't, 32
committed, 32
returned, 32
brief, 32
followed, 32
goal, 32
27, 32
hundred, 32
largely, 32
chairman, 32
Could, 32
Dialogue, 32
defeat, 32
cut, 32
Africa, 32
video, 32
Staff, 32
us., 32
minister,, 32
freedom, 32
sought, 32
Women's, 32
bit, 32
individual, 32
policy,, 32
career, 32
SECRETARY, 32
terrorist, 32
B1, 32
construction, 32
highest, 32
42, 32
41, 32
Her, 33
successful, 33
travel, 33
rise, 33
day., 33
Election, 33
release, 33
FYI:, 33
improve, 33
seven, 33
programs, 33
mtg, 33
floor, 33
appear, 33
wait, 33
term, 33
ways, 33
Post, 33
declared, 33
Meeting, 33
joined, 33
huge, 33
Dear, 33
Dan, 33
women., 33
word, 33
posted, 33
5:00, 33
continues, 33
32, 33
NATO, 33
area, 33
border, 33
class, 33
various, 33
deep, 33
terrorism, 33
people,, 33
immediately, 33
page, 33
authority, 33
Mike, 33
Iraqi, 33
fiscal, 33
party., 34
third, 34
writing, 34
project, 34
powers, 34
seek, 34
hrd, 34
Financial, 34
Importance:, 34
date, 34
Unfavorable, 34
19, 34
Al, 34
way., 34
"This, 34
India, 34
act, 34
poor, 34
fax, 34
ahead, 34
Am, 34
takes, 34
1:15, 34
plane, 34
Indian, 34
congressional, 34
sometimes, 34
REFUSED, 34
spray, 34
Carter, 34
essential, 34
London, 34
wrote:, 34
"They, 34
Kochs, 34
suggests, 34
Ind, 34
Favorable, 34
areas, 34
Democrat, 34
partner, 34
Mitchell, 34
previously, 34
Iraq,, 34
this,, 34
Health, 35
right., 35
room, 35
Another, 35
it?, 35
3:15, 35
break, 35
power., 35
nations, 35
PRE-BRIEF, 35
all., 35
written, 35
Gates, 35
5,, 35
Daily, 35
H;, 35
Women, 35
goes, 35
shared, 35
appears, 35
overall, 35
Romney, 35
effective, 35
considered, 35
info, 35
similar, 35
Mark, 35
2005, 35
consider, 35
Arabs, 35
him?, 35
respect, 35
answer, 35
Michael, 35
Development, 35
towards, 35
serve, 35
Capitol, 35
copying, 35
source, 35
concerned, 35
telling, 35
traveling, 35
leaving, 35
later,, 35
Sen., 35
quickly, 35
Most, 35
biggest, 35
48, 35
again., 35
publicly, 36
cause, 36
Paul, 36
house, 36
finally, 36
suggest, 36
families, 36
Great, 36
Institute, 36
Kabul, 36
Gaza, 36
15,, 36
Rep, 36
supporting, 36
here., 36
Who, 36
lunch, 36
BlackBerry, 36
Asia, 36
20,, 36
28, 36
helping, 36
expect, 36
decide, 36
Worn, 36
accept, 36
states, 36
seeking, 36
isn't, 36
insurance, 36
Carleto, 36
noted, 36
youth, 36
supposed, 36
closely, 36
wouldn't, 36
gender, 36
higher, 36
moment, 36
couple, 36
Or, 36
highly, 36
instead, 36
Sinn, 36
16,, 36
soldiers, 36
LaGuardia, 36
basis, 36
Dem, 36
H., 36
However,, 37
today's, 37
Clinton's, 37
ops, 37
form, 37
becoming, 37
Tony, 37
0, 37
Why, 37
living, 37
advance, 37
swing, 37
During, 37
1,, 37
senator, 37
moving, 37
you?, 37
experience, 37
Tot, 37
know., 37
remain, 37
29, 37
pay, 37
operation, 37
activists, 37
etc., 37
land, 37
believed, 37
"It's, 37
willing, 37
Force, 37
Strategic, 37
seats, 37
tough, 37
president's, 37
secret, 37
Branch, 38
tried, 38
millions, 38
created, 38
relations, 38
there's, 38
Happy, 38
34, 38
raised, 38
explain, 38
write, 38
choice, 38
governments, 38
meant, 38
policy., 38
Skousen, 38
released, 38
six, 38
adviser, 38
(direct), 38
country,, 38
Andrews, 38
industry, 38
responsibility, 38
played, 38
Washington., 38
focused, 38
raise, 38
35, 38
rules, 38
delivered, 38
Franklin, 38
thru, 38
prepared, 38
legal, 38
entire, 38
named, 38
voice, 38
speech., 38
forced, 38
clearly, 38
planning, 38
Hope, 38
gets, 38
Yet, 38
45, 38
Ed, 38
elections, 39
victory, 39
17,, 39
primary, 39
matter, 39
claims, 39
Sarah, 39
proposed, 39
board, 39
50, 39
ensure, 39
push, 39
ground, 39
government., 39
passed, 39
certainly, 39
WEEKLY, 39
oil, 39
beginning, 39
Germany, 39
organizations, 39
email., 39
policing, 39
[Branch,, 39
workers, 39
challenge, 39
despite, 39
*Official, 39
claim, 39
Peter, 39
tonight, 39
agenda, 39
fighting, 39
Western, 40
series, 40
decided, 40
views, 40
brought, 40
officer, 40
remarks, 40
Public, 40
14,, 40
thank, 40
Ahmadinejad, 40
16, 40
An, 40
W., 40
Reagan, 40
author, 40
traffic, 40
Since, 40
morning., 40
NY, 40
energy, 40
8:15, 40
they're, 40
22, 40
funding, 40
Affairs, 40
long-term, 40
system, 40
mentioned, 40
ability, 40
drug, 40
cell, 40
increasingly, 40
world's, 41
RE:, 41
York,, 41
Karzai, 41
Blumenthal, 41
Pentagon, 41
36, 41
felt, 41
good., 41
positive, 41
speaking, 41
Your, 41
1:30, 41
developing, 41
Men, 41
discussed, 41
stand, 41
Pakistani, 41
starting, 41
rate, 41
pass, 41
deeply, 41
conversation, 41
paper, 41
scheduled, 41
day,, 41
ago, 41
results, 41
started, 41
violence, 41
request, 41
12,, 41
happened, 41
claimed, 41
executive, 41
China,, 41
Director, 42
"If, 42
white, 42
suggested, 42
supported, 42
Good, 42
GOP, 42
offered, 42
religious, 42
handling, 42
record, 42
Israelis, 42
2010,, 42
allowed, 42
her., 42
accused, 42
present, 42
Any, 42
sources, 42
all,, 43
22,, 43
10:15, 43
training, 43
legislation, 43
sheet, 43
response, 43
17, 43
begin, 43
25, 43
certain, 43
Thursday, 43
senators, 43
month, 43
settlement, 43
Kennedy, 43
mission, 43
26, 43
we're, 43
33, 43
ok, 43
looks, 43
opposition, 43
army, 43
8th, 43
Vice, 43
percent., 43
companies, 44
votes, 44
Here, 44
Dr., 44
Then, 44
Bank, 44
terms, 44
words, 44
out., 44
woman, 44
version, 44
whole, 44
lives, 44
Air, 44
live, 44
says,, 44
Friday, 44
UK, 44
Jerusalem, 45
meetings, 45
sending, 45
1.4(D), 45
Monday, 45
knew, 45
Conservative, 45
mean, 45
program, 45
First, 45
PHONE, 45
throughout, 45
budget, 45
popular, 45
Max, 45
Gore, 45
mention, 45
intelligence, 45
center, 45
work., 45
26,, 45
Tuesday, 46
them,, 46
child, 46
said:, 46
11,, 46
update, 46
involved, 46
sign, 46
cost, 46
For:, 46
figure, 46
language, 46
House,, 46
thinking, 46
moved, 46
Ms., 46
back., 46
Defense, 46
tax, 46
Israel., 46
cent, 46
domestic, 46
now,, 46
minutes, 46
today,, 47
reports, 47
Deputy, 47
independent, 47
corporate, 47
you,, 47
pls, 47
23,, 47
Joe, 47
Even, 47
Iran's, 47
middle, 47
central, 47
4:30, 47
gone, 47
Melanne, 47
policies, 47
Benjamin, 47
SMALL, 47
significant, 47
War, 47
29,, 47
allies, 47
changes, 47
diplomats, 47
too., 48
responsible, 48
increase, 48
expected, 48
serious, 48
discussion, 48
copy, 48
giving, 48
using, 48
remains, 48
13,, 48
additional, 48
comes, 48
DK/NA, 48
Have, 48
threat, 48
friend, 49
aid, 49
31, 49
dollars, 49
Some, 49
Our, 49
Tory, 49
Muslim, 49
black, 49
review, 49
24, 49
influence, 49
13, 49
him,, 49
knows, 49
course,, 49
bad, 49
there., 49
Did, 49
Committee, 49
seemed, 49
growing, 49
allow, 49
healthcare, 49
build, 49
B5, 49
Wall, 49
interview, 50
week,, 50
Its, 50
Press, 50
world., 50
climate, 50
Jews, 50
civil, 50
available, 50
11:00, 50
prevent, 50
plans, 50
turn, 50
city, 50
inside, 50
rest, 50
death, 50
Yes,, 50
High, 50
Ops, 50
French, 50
currently, 50
preceding., 50
simply, 50
question, 50
14, 50
view, 50
C, 50
perhaps, 50
half, 50
killed, 50
direct, 51
SENIOR, 51
seem, 51
understand, 51
Are, 51
everything, 51
evidence, 51
billion, 51
step, 51
shows, 51
directly, 51
turned, 51
potential, 51
event, 51
progress, 51
Many, 51
Hotel, 51
students, 51
short, 51
everyone, 51
Washington,, 51
ready, 51
questions, 51
that., 51
connect, 51
Jacob, 51
stay, 51
Presidential, 52
powerful, 52
..., 52
fact,, 52
liberal, 52
comments, 52
along, 52
and,, 52
note, 52
Afghanistan., 52
longer, 52
re, 52
children, 52
recently, 52
Last, 52
front, 52
reached, 52
agreed, 52
call., 52
published, 53
is,, 53
force, 53
Clinton,, 53
assistance, 53
Afghanistan,, 53
anyone, 53
Call, 53
provided, 53
beyond, 53
works, 53
fear, 53
nuclear, 53
five, 53
pressure, 53
Islamic, 53
China's, 54
worth, 54
phone, 54
weeks, 54
ago,, 54
Global, 54
crisis, 54
UUP, 54
(and, 54
9:30, 54
Palin, 54
hours, 54
*Camera, 54
Thx, 54
failed, 54
Now, 54
president,, 54
however,, 54
announced, 55
opportunity, 55
negotiations, 55
World, 55
open, 55
critical, 55
included, 55
trade, 55
1:00, 55
demand, 55
yesterday, 55
example,, 55
seeing, 55
Building, 55
interests, 55
latest, 55
chance, 55
this., 55
South, 55
regional, 56
school, 56
Outer, 56
Jones, 56
photo, 56
6:00, 56
4:00, 56
quite, 56
11, 56
director, 56
lack, 56
Europe, 56
coalition, 56
won, 56
piece, 56
men, 57
reported, 57
Policy, 57
Cdm, 57
3:30, 57
information, 57
year., 57
He's, 57
ideas, 57
Sullivan,, 57
agree, 57
PRESS, 57
Anne-Marie, 57
agreement, 57
3:00, 57
face, 57
check, 58
12:30, 58
attacks, 58
debate, 58
love, 58
civilian, 58
paid, 58
DC, 58
21, 58
Thanks, 58
EU, 58
Holbrooke, 58
probably, 58
Tories, 58
says., 58
candidate, 58
commitment, 58
women's, 59
voted, 59
Jack, 59
earlier, 59
future, 59
Charles, 59
Hill, 59
situation, 59
company, 59
include, 59
food, 59
reason, 59
play, 59
else, 59
conflict, 59
approval, 59
That's, 59
difficult, 59
problem, 59
40, 59
thing, 60
old, 60
happy, 60
2:30, 60
social, 60
jobs, 60
problems, 60
Obama,, 60
it,, 60
bring, 60
Of, 60
troops, 60
win, 60
greater, 60
nearly, 60
secure, 61
main, 61
well., 61
ever, 61
stop, 61
Richard, 61
fight, 61
head, 61
nation, 61
federal, 61
PRESIDENTIAL, 61
served, 61
Jake, 61
More, 61
talks, 61
looking, 61
service, 61
years,, 61
won't, 61
hold, 62
person, 62
talked, 62
name, 62
action, 62
10:30, 62
According, 62
particularly, 62
justice, 62
attention, 62
Robert, 62
up., 63
side, 63
2009,, 63
Let, 63
article, 63
return, 63
movement, 63
years., 63
create, 63
2008, 63
"It, 63
Senator, 63
add, 63
CALL, 64
Valmoro, 64
Palestinians, 64
approach, 64
life, 64
"a, 64
WJC, 64
possible, 64
BILATERAL, 64
offer, 64
05/13/2015, 64
Petraeus, 64
running, 64
known, 64
numbers, 64
Prime, 64
spending, 64
F-2015-04841, 64
provide, 65
you're, 65
needed, 65
secretary, 65
diplomatic, 65
o, 65
BRIEFING, 65
18, 65
DEPT., 65
nothing, 65
SUBJECT, 65
9, 65
course, 65
BENGHAZI, 65
Pakistan, 65
SELECT, 65
access, 65
FOIA, 65
PRODUCED, 65
COMM., 65
based, 65
REDACTIONS., 65
WAIVER., 65
talking, 66
INFORMATION, 66
continue, 66
especially, 66
prime, 66
20, 66
immediate, 66
line, 66
makes, 66
right-wing, 66
candidates, 66
Also, 67
spent, 67
contact, 67
position, 67
AGREEMENT, 67
12:00, 67
Lauren, 67
NO, 67
behind, 67
11:30, 67
time,, 67
Sunday, 67
result, 68
dinner, 68
My, 68
described, 68
schedule, 68
North, 68
While, 68
Blair, 68
w/, 69
Ireland, 69
focus, 69
These, 69
Gordon, 69
Street, 69
8, 69
helped, 69
control, 69
time., 69
spoke, 70
week., 70
asking, 70
forces, 70
feel, 70
majority, 70
Case, 70
business, 70
presidential, 70
strategic, 70
fact, 70
America's, 70
confirmed, 71
OF, 71
different, 71
either, 71
list, 71
history, 71
leading, 71
relationship, 71
decision, 71
saw, 71
led, 71
received, 71
SENSITIVE, 71
address, 72
12, 72
share, 72
police, 72
began, 72
UN, 72
law, 73
hear, 73
morning, 73
7, 73
calling, 73
final, 73
taking, 73
second, 73
HOUSE, 74
interest, 74
visit, 74
following, 74
(202), 74
community, 74
Boehner, 74
please, 74
personal, 75
Let's, 75
anything, 75
man, 75
15, 75
member, 75
someone, 75
statement, 75
wrote, 75
Israel's, 75
young, 75
British, 75
taken, 75
four, 76
though, 76
Date:, 76
building, 76
News, 76
large, 76
full, 76
Tom, 76
Doc, 76
FOREIGN, 76
I've, 77
economy, 77
year,, 77
2:00, 77
sense, 77
that,, 77
times, 77
yet, 78
show, 78
money, 78
idea, 78
story, 78
free, 78
used, 78
lost, 78
Beck, 79
became, 79
together, 79
Ambassador, 79
effort, 79
that's, 79
Yes, 79
forward, 79
opinion, 79
Taliban, 79
met, 80
financial, 80
Treaty, 80
I'd, 80
actually, 80
toward, 80
doesn't, 80
night, 81
cannot, 81
haven't, 81
30, 81
development, 81
attack, 81
whose, 82
away, 82
Thank, 82
James, 82
Cameron, 82
lead, 82
means, 82
start, 82
high, 82
ask, 82
General, 82
West, 82
Iranian, 83
conference, 83
family, 83
diplomacy, 83
memo, 83
sbwhoeop, 83
kind, 83
AND, 83
Iraq, 83
I'll, 83
letter, 84
How, 84
Jim, 84
Assistant, 84
"the, 84
worked, 85
gave, 85
order, 85
follow, 85
do., 85
2012, 85
print, 85
STATE, 85
current, 86
reach, 86
PART, 86
From, 86
move, 86
politics, 86
Security, 87
minister, 87
S, 87
MINISTER, 87
leave, 87
With, 87
strategy, 87
often, 87
outside, 87
reform, 87
speak, 87
tomorrow., 88
days, 88
FOR, 88
according, 88
read, 88
calls, 88
8:25, 88
"We, 88
saying, 89
(t), 89
soon, 89
6, 89
per, 89
months, 89
Special, 89
trip, 89
small, 89
points, 89
Iran, 89
general, 90
Brown, 90
plan, 90
Not, 90
special, 90
THE, 90
University, 91
now., 91
draft, 91
held, 91
Pis, 91
parties, 91
FW:, 91
chief, 91
Sent, 91
Ok., 91
others, 91
<AbedinH@state.gov>, 92
strong, 92
Council, 92
Floor, 92
RELEASE, 92
After, 92
them., 93
HRC, 93
Also,, 93
run, 93
Northern, 93
process, 93
Middle, 93
almost, 93
fyi, 94
rights, 95
seen, 95
Bush, 95
later, 95
real, 95
No, 95
late, 95
news, 96
., 96
lot, 96
H:, 96
One, 96
Labour, 96
10:00, 97
International, 98
Barack, 98
poll, 98
always, 98
he's, 98
February, 98
me., 99
human, 99
efforts, 99
It's, 99
via, 99
5, 99
America, 100
countries, 100
every, 101
really, 101
past, 101
9:15, 101
###, 101
able, 101
given, 102
Room,, 102
seems, 102
him., 102
rather, 102
important, 102
STAFF, 102
Minister, 103
Just, 103
needs, 103
least, 103
8:30, 103
FM, 103
trying, 104
found, 104
look, 104
ON, 104
Tuesday,, 104
private, 104
press, 104
book, 104
leadership, 105
Center, 105
European, 106
October, 106
conservative, 106
March, 106
coming, 106
En, 106
local, 106
place, 107
team, 107
case, 107
hard, 107
At, 107
sent, 107
December, 107
little, 108
within, 108
something, 108
job, 108
leader, 108
Times, 108
took, 109
role, 109
groups, 109
8:45, 109
official, 109
left, 110
point, 110
Koch, 110
home, 110
Palestinian, 111
whether, 111
Monday,, 112
making, 112
bill, 113
getting, 113
global, 113
media, 113
hope, 113
To, 113
tell, 114
Is, 114
power, 114
clear, 114
officials, 114
Netanyahu, 114
already, 115
keep, 115
All, 115
January, 115
heard, 115
Chinese, 115
Thursday,, 115
less, 116
Congress, 116
several, 116
Do, 116
can't, 116
close, 116
recent, 116
key, 116
across, 117
wants, 117
Lona, 117
McChrystal, 118
things, 118
Bill, 118
use, 119
IN, 119
Arab, 119
issues, 119
email, 119
George, 119
early, 120
came, 120
print., 120
major, 120
number, 120
try, 120
top, 121
Wednesday,, 121
April, 121
week, 122
Airport, 122
wanted, 123
message, 123
staff, 123
cdm, 123
better, 124
change, 124
believe, 124
York, 124
Ok, 125
said,, 126
find, 126
today., 126
meet, 126
war, 127
done, 127
Afghan, 127
Friday,, 127
never, 128
East, 128
went, 129
July, 129
far, 129
Foreign, 130
Sunday,, 131
million, 131
discuss, 131
end, 133
vote, 133
day, 133
His, 134
thought, 134
Afghanistan, 134
three, 135
big, 135
deal, 135
4, 135
Tea, 135
voters, 136
See, 136
become, 136
Saturday,, 136
leaders, 137
10, 137
<MillsCD@state.gov>, 137
enough, 137
>, 138
"I, 140
August, 140
senior, 140
By, 140
tomorrow, 141
Haiti, 142
November, 142
Abedin,, 143
June, 144
without, 144
international, 144
OFFICE, 144
issue, 146
members, 146
country, 148
September, 149
best, 150
John, 150
election, 150
send, 150
administration, 150
Jewish, 151
likely, 153
year, 153
DAILY, 154
you., 154
said., 155
That, 155
set, 155
great, 156
No., 156
state, 156
didn't, 157
campaign, 157
So, 157
TIME, 158
got, 158
peace, 158
part, 159
national, 160
Thx., 161
must, 162
world, 162
speech, 163
today, 163
&, 163
let, 165
Fw:, 165
May, 166
asked, 166
<hrod17@clintonemail.com>, 167
office, 169
sure, 169
long, 169
u, 170
report, 172
care, 172
Party, 172
"The, 173
When, 173
China, 173
including, 174
group, 175
3, 175
National, 175
Mr, 175
security, 176
D, 177
give, 178
put, 178
Republicans, 179
She, 179
help, 180
Hillary, 183
among, 184
TO, 184
around, 185
There, 186
economic, 186
Americans, 186
For, 187
You, 187
working, 188
party, 189
Conference, 190
Democrats, 191
Sid, 191
Democratic, 192
years, 194
*En, 195
Pls, 198
Fyi, 199
says, 201
States, 201
Mills,, 202
it's, 202
might, 203
come, 204
say, 205
meeting, 205
Senate, 206
Huma, 208
military, 210
well, 210
since, 210
another, 211
go, 212
it., 217
What, 218
David, 218
On, 219
Private, 220
still, 221
Re:, 223
Will, 227
health, 227
foreign, 230
Residence, 230
FYI, 231
right, 231
As, 233
us, 234
Washington, 236
Israeli, 236
Israel, 238
talk, 244
Can, 244
Obama's, 245
made, 247
may, 248
take, 256
called, 256
don't, 257
president, 258
Cheryl, 259
women, 261
next, 262
percent, 263
former, 266
policy, 267
US, 272
good, 276
Mr., 276
Clinton, 278
Secretary, 279
Republican, 281
public, 282
2, 286
B6, 290
DEPART, 295
A, 296
way, 298
many, 299
much, 301
Room, 303
told, 305
ARRIVE, 307
If, 308
They, 312
route, 313
going, 316
support, 319
I'm, 321
United, 326
1, 333
New, 336
w, 336
back, 336
government, 337
even, 341
make, 343
work, 344
MEETING, 352
President, 361
And, 367
need, 370
This, 372
think, 374
two, 375
White, 376
first, 377
last, 392
political, 407
--, 409
see, 411
want, 416
We, 418
people, 428
It, 435
time, 436
AM, 456
House, 460
know, 460
American, 466
PM, 470
new, 485
could, 486
Department, 493
H, 503
U.S., 515
like, 527
get, 558
said, 561
But, 577
2010, 580
call, 581
also, 592
2009, 601
Office, 617
He, 621
•, 635
one, 653
—, 653
Secretary's, 665
Obama, 686
In, 689
State, 691
-, 748
would, 1149
pm, 1446
The, 2141
I, 2852
