opponents, 10
9?, 10
fit, 10
clarity, 10
Is?-over, 10
concrete, 10
thrilled, 10
y, 10
entry, 10
tech, 10
resources., 10
Wednesday., 10
rebellion, 10
Britain,, 10
unique, 10
repression, 10
forming, 10
talents, 10
Sis, 10
C05760047, 10
Tonite, 10
'I, 10
drafted, 10
MD, 10
Donilon,, 10
everywhere, 10
sector., 10
2005,, 10
early., 10
recipient,, 10
troubled, 10
Iraqis, 10
destroy, 10
touch., 10
equipped, 10
<hrod17@clintonemailcom>, 10
threats,, 10
jobs, 10
C05759019, 10
residence, 10
vacation, 10
threatens, 10
it.", 10
Guantanamo, 10
posted., 10
C05760500, 10
discussed,, 10
Benjamin,, 10
sender, 10
initiated, 10
suggestions, 10
plan,, 10
plant, 10
1300, 10
propose, 10
Ross, 10
Keib, 10
Port-au-Prince, 10
condolences, 10
Kramer, 10
Capitol, 10
C05773078, 10
C05774862, 10
handling, 10
viewing, 10
Marine, 10
imposed, 10
Methodist, 10
Andy, 10
sight, 10
C05774008, 10
NEA, 10
Brits, 10
diplomacy., 10
Gephardt, 10
virtually, 10
timely, 10
fewer, 10
Farmer, 10
Turki, 10
delivering, 10
lock, 10
pieces, 10
Christmas, 10
weaken, 10
Moyes, 10
realizes, 10
E-MAIL, 10
Social, 10
Solis, 10
Almost, 10
Berlin,, 10
C05739754, 10
Revisions, 10
President., 10
C05773709, 10
optimistic, 10
puts, 10
road., 10
compared, 10
Amazon, 10
officially, 10
parades., 10
elections,, 10
communications,, 10
Gaza,, 10
decision,, 10
Tunisia,, 10
Carlos, 10
Kouchener, 10
settlements., 10
reasonable, 10
hosted, 10
Committee,, 10
Turkey., 10
creates, 10
Advisory, 10
contents, 10
latter, 10
force,, 10
DC?, 10
2:15, 10
ill, 10
gratitude, 10
Group., 10
perform, 10
demonstration, 10
Brandenburg, 10
funding., 10
bore, 10
congratulate, 10
same., 10
Czech, 10
7:10, 10
shrine, 10
reception, 10
concept, 10
Burk, 10
upper, 10
appeal, 10
retired, 10
extra, 10
topic, 10
Accordingly,, 10
indeed, 10
accomplish, 10
Times,, 10
forwarding, 10
breakfast, 10
URGENT:, 10
Give, 10
C05759784, 10
rebuild, 10
external, 10
realities, 10
url(http://g-ecx.images-, 10
C05739861, 10
collective, 10
2003,, 10
Denials, 10
are,, 10
hospitals, 10
Op-Ed, 10
house?, 10
hospital,, 10
week-the-, 10
surrounded, 10
Barnett, 10
inspired, 10
budget,, 10
-0500, 10
8:25, 10
DAILY, 10
Domenici, 10
RODHAM, 10
Saudis, 10
substantial, 10
vulnerable, 10
sponsored, 10
with,, 10
10:45, 10
USUN, 10
8:00, 10
increases, 10
technicians, 10
C05773930, 10
signal, 10
Bloomberg:, 10
C05739824, 10
visas, 10
b/c, 10
apparent, 10
resign, 10
treaty., 10
concerns,, 10
Reynolds, 10
depth, 10
C05760030, 10
C05760036, 10
Brassanini,, 10
more,, 10
C05758401, 10
JAIME, 10
activities., 10
Host:, 10
(Davutoglu), 10
achievements, 10
revealed, 10
be?, 10
Tue,, 10
connected, 10
$500, 10
Davis, 10
procedures, 10
Magariaf,, 10
desperate, 10
(though, 10
strange, 10
obstacles, 10
However, 10
Mosa, 10
friend,, 10
contest, 10
C05739578, 10
reform., 10
heading, 10
right!, 10
12/21, 10
'hdr22@clintonemail.com', 10
ov', 10
rhetoric, 10
luck, 10
surprise, 10
revenge, 10
stepping, 10
C05770462, 10
Others, 10
ban, 10
C05739885, 10
C05739880, 10
unpopular, 10
economies, 10
worse,, 10
sentence, 10
facts, 10
Art, 10
ignore, 10
bold, 10
intellectual, 10
editor, 10
propaganda, 10
strengthening, 10
Nuclear, 10
ship, 10
Drive, 10
2002,, 10
West,, 10
Accusations, 10
YOUR, 10
chemical, 10
till, 10
Meetings, 10
DETENTIONS, 10
party's, 10
Ken, 10
How's, 10
[RELEASE, 10
allegedly, 10
complaints, 10
wonder, 10
FOX, 10
tour, 10
overseeing, 10
credentials, 10
Gerald, 10
Somalia, 10
organizing, 10
island, 10
firms., 10
Garrard,, 10
resolving, 10
forget, 10
founded, 10
Denver, 10
lawyer, 10
tribute, 10
2013., 10
America., 10
Corp, 10
Governments, 10
compare, 10
Spark, 10
compound, 10
association, 10
difficult., 10
Ukraine, 10
Teacher, 10
order,, 10
11:10, 10
Arghandab, 10
obligations, 10
'mchaleja@state.gov', 10
College, 10
invade, 10
public., 10
Come, 10
5:00, 10
help?, 10
other., 10
36, 10
name., 10
water., 10
building,, 10
stock, 10
dinner?, 10
la, 10
Interim, 10
3:00, 10
[mailto:HanleyMR@state.gov], 10
Donald, 10
recess, 10
'RAMSAY,, 10
done,, 10
Goma,, 10
<hrod17@clintonemail.corn>, 10
billions, 10
Dem, 10
students,, 10
45, 10
Zelaya's, 10
Koh, 10
Eleison, 10
military,, 10
accusations, 10
destroyed, 10
C05758891, 10
murder, 10
to?, 10
Alston, 10
delays, 10
companies,, 10
hostility, 10
Final:, 10
new., 10
resist, 10
07:58:52, 10
[DELETE:, 10
adding, 10
censorship, 10
Argentina,, 10
participating, 10
Mohamed, 10
Cowen, 10
el-, 10
Dave, 10
attack,, 10
Anderson,, 10
Crimes, 10
emerge, 10
10:19, 10
Summary, 10
State/USAID, 10
dropped, 10
speaks, 10
coordinated, 10
equality, 10
stabilize, 10
impose, 10
Carney, 10
return,, 10
invasion,, 10
emphasis, 10
use., 10
Otunbayeva, 10
quiet, 10
Investment, 10
followup, 10
Madame, 10
Good., 10
IL, 10
events., 10
schedule,, 10
schedule?, 10
7:23, 10
confined, 10
Lamego, 10
Coordination, 10
odds, 10
son,, 10
Christians, 10
allows, 10
Erica, 10
flag, 10
Parliament, 10
breaking, 10
cross, 10
10:53, 10
already., 10
friendship, 10
Webster,, 10
Indian, 10
", 10
Larry, 10
"When, 10
Attacks, 10
enduring, 10
measured, 10
Nalbandian, 10
Forward, 10
gains, 10
9:09, 10
bond, 10
Saud, 10
Ibrahim, 10
trial, 10
Rahman, 10
peoples, 10
refused, 10
Simon, 10
democratically, 10
purposes., 10
01,, 10
Joint, 10
note,, 10
seized, 10
C05759139, 10
Ousama, 10
dealt, 10
makers, 10
ones., 10
.ap_popover_sprited, 10
us,, 10
sit, 10
complicate, 10
happened., 10
articles, 10
Which, 10
Jack's, 10
1500, 10
Klevorick,, 10
selling, 10
afraid, 10
coordinating, 10
ended, 10
requirement, 10
C05760499, 10
unclear, 10
Anjana, 10
audiences, 10
Russia's, 10
supply, 10
provisions, 10
searching, 10
Rothschild, 10
owe, 10
intention, 10
catching, 10
incredible, 10
percent., 10
report?, 11
AT&T, 11
reporter, 11
NOT, 11
speeches., 11
Text, 11
absolute, 11
machine, 11
L., 11
senators, 11
ready., 11
effects, 11
wisdom, 11
Band, 11
recommended, 11
reschedule, 11
lessons, 11
fail, 11
Capricia, 11
McGovern, 11
player, 11
Capital, 11
academic, 11
thing., 11
DRL, 11
prison, 11
(MB), 11
posed, 11
[HRC], 11
unanimous, 11
loving, 11
230, 11
STF, 11
Either, 11
managing, 11
unfolds., 11
diplomacy", 11
combined, 11
formed, 11
Otero,, 11
(a, 11
attacks,, 11
attacks., 11
recommends, 11
technologies, 11
Mexico,, 11
'abedinh@state.gov., 11
paying, 11
officials., 11
Department., 11
Commission,, 11
life,, 11
select, 11
Egypt., 11
1:15, 11
functioning, 11
anxious, 11
first., 11
Help, 11
October,, 11
Care, 11
fire, 11
representative, 11
uncertain, 11
straight, 11
victims, 11
Holocaust, 11
opposing, 11
everything., 11
{, 11
illegal, 11
educational, 11
Agreement, 11
Meet, 11
things., 11
interest,, 11
false, 11
dinner., 11
Jill, 11
<sullivanjj@state.gov>, 11
invites, 11
Number, 11
7:52, 11
arrest, 11
room., 11
desk, 11
Corps, 11
values., 11
envoy, 11
AMCIT, 11
bombing, 11
classified, 11
September., 11
rejects, 11
Fawzi, 11
Instead, 11
Christian, 11
casualties., 11
camps, 11
Torrey, 11
Slovenia, 11
spread, 11
Left, 11
MCC, 11
hadn't, 11
Walter, 11
Caroline, 11
Inc., 11
professionals, 11
10:09, 11
investors, 11
price, 11
EMB, 11
suspected, 11
closest, 11
McCain, 11
Might, 11
treatment, 11
instructions, 11
Project, 11
heated, 11
<hrod17@clintonernail.com>, 11
Hasina, 11
Mexican, 11
cabinet,, 11
foster, 11
pledges, 11
loose, 11
answers, 11
soldier, 11
advertising, 11
excuse, 11
Prize, 11
goals., 11
End, 11
Zelaya,, 11
expecting, 11
consultations, 11
Cheers,, 11
Mubarak., 11
Got, 11
Esther, 11
clear,, 11
lawyers, 11
showing, 11
Little, 11
Massachusetts, 11
AMS, 11
Catherine, 11
collapse., 11
registered, 11
Republic,, 11
prosecutor, 11
University., 11
"to, 11
announcing, 11
guardian.co.uk, 11
recommendations, 11
list:, 11
management, 11
Magariafs, 11
mind,, 11
asked., 11
limits, 11
diplomat,, 11
owns, 11
frequently, 11
Idea, 11
background-image:, 11
B., 11
LLC, 11
demonstrated, 11
20005, 11
north, 11
urging, 11
present,, 11
aren't, 11
Goma, 11
right,, 11
Lib, 11
start., 11
06,, 11
persuade, 11
9:30am, 11
7th, 11
do,, 11
point., 11
definitely, 11
field., 11
contribution, 11
Chavez, 11
program,, 11
program., 11
meets, 11
failing, 11
wanting, 11
for., 11
Melanne,, 11
die, 11
suspect, 11
here,, 11
congressional, 11
arrive, 11
"should, 11
Tbd, 11
manifesto, 11
operates, 11
eyes, 11
Pose!, 11
investigation., 11
enthusiasm, 11
South., 11
Education, 11
date,, 11
doing?, 11
visit,, 11
roughly, 11
-0400, 11
quietly, 11
emissions, 11
Climate, 11
video,, 11
assets, 11
abroad,, 11
minimum, 11
Creamer, 11
Cameron's, 11
2), 11
Construction, 11
Virginia, 11
province, 11
freedom,, 11
response., 11
Regards, 11
UNGA., 11
solid, 11
Economic, 11
withdraw, 11
Jerusalem, 11
lives., 11
Uighurs, 11
bid, 11
Samoa, 11
Management, 11
extremism, 11
strongest, 11
examples, 11
affects, 11
connecting, 11
Street,, 11
cooperation., 11
constant, 11
2001, 11
Scott, 11
Asian, 11
shock, 11
Belqasim, 11
extreme, 11
added:, 11
Relief, 11
Today's, 11
H1N1, 11
F., 11
Trade, 11
building., 11
responsibilities, 11
buildings, 11
Handheld, 11
progress,, 11
min, 11
business., 11
}, 11
area,, 11
divisions, 11
tremendous, 11
appearance, 11
though,, 11
JacobJ, 11
Posted, 11
inviting, 11
journalist, 11
Mayor, 11
deaths, 11
Know, 11
indeed,, 11
"an, 11
7:45, 11
century., 11
selected, 11
conduct, 11
swearing, 11
Ziglam,, 11
Circular, 11
history., 11
Jerusalem,, 11
AFP, 11
role,, 11
Department,, 11
relatively, 11
inspire, 11
McDonough, 11
availability, 11
"You, 11
solution., 11
about?, 11
dedication, 11
confident, 11
drugs, 11
confidence,, 11
Julissa, 11
Kristy, 11
Break, 11
Carson, 11
Les, 11
group., 11
constitution, 11
funds,, 11
problematic, 11
Yunus, 11
memory, 11
PLEASE, 11
birthday, 11
Breaking, 11
motions, 11
Save, 11
Chicago,, 11
season, 11
Situation, 11
Colonel, 11
needs., 11
farmers, 11
senator, 11
Travel, 11
Harich, 11
person., 11
persons, 11
Wynn, 11
provides, 11
rising, 11
words,, 11
Testimony, 11
participants, 11
NPR, 11
CEOs, 11
Top, 11
always,, 11
glad, 11
Everyone, 11
Samuel, 11
sympathy, 11
Hunger, 11
double, 11
interviewed, 11
publicity, 11
initially, 11
finds, 11
village, 11
there?, 11
flight, 11
City, 11
Cyrenaica, 11
negotiate, 11
robust, 11
YOU, 11
Sec., 11
Americans., 11
Franklin, 11
Schwerin,, 11
narrative, 11
issue,, 11
readout, 11
Phil,, 11
yesterday,, 11
ambassadors, 11
Faleomavaega, 11
Islamists, 11
announced., 11
candidate,, 11
abandoned, 11
rapid, 11
protesters, 11
conclusion, 11
'HDR22@clintonemail.com', 11
surge, 11
Maris, 11
Qadhafi, 12
Sandy, 12
error, 12
positions., 12
therefore, 12
circumstances, 12
Huma:, 12
Lynn, 12
policies,, 12
theme, 12
Senators, 12
Qadahfi, 12
Barqa, 12
shaken, 12
C05772909, 12
Korean, 12
15., 12
C05774880, 12
whoever, 12
EDT, 12
funeral, 12
wherever, 12
originally, 12
Newsweek, 12
parades, 12
Elizabeth, 12
Jon, 12
surgery, 12
NF, 12
(in, 12
Russia,, 12
course., 12
imagine, 12
Kouchner, 12
appreciation, 12
Alan, 12
Fox, 12
incident, 12
feeling, 12
October., 12
Turk,, 12
mine, 12
spring, 12
religion, 12
Look, 12
Katie, 12
primarily, 12
NEW, 12
side., 12
chat, 12
worldwide., 12
Betsy, 12
minerals, 12
that?, 12
Denis, 12
Stern,, 12
witness, 12
Confirmations, 12
interest., 12
two,, 12
valley, 12
extremists, 12
waste, 12
Presidents, 12
moment., 12
C05768822, 12
adoptions,, 12
Nato, 12
inspiration, 12
Obama., 12
yesterday's, 12
Gaza., 12
society., 12
criticizing, 12
Judge, 12
people's, 12
manner, 12
deepest, 12
dc, 12
request., 12
Indonesia,, 12
Citizens, 12
CVC, 12
counterparts, 12
kept, 12
militias., 12
month., 12
7:15, 12
"As, 12
prove, 12
SBU, 12
Model, 12
troops,, 12
drop, 12
Norwegian, 12
Response, 12
appreciated, 12
online, 12
Tauzin, 12
friends,, 12
wheels, 12
P,, 12
"On, 12
C05739864, 12
Anyway,, 12
desperately, 12
training,, 12
forwarded, 12
facilities., 12
10:23, 12
referred, 12
political,, 12
Penn, 12
Michelle, 12
10:41, 12
withdrawal, 12
protecting, 12
hardline, 12
Published:, 12
like., 12
citizen, 12
use,, 12
WHA-Press;, 12
CC:, 12
Moscow, 12
Yemen,, 12
accountability, 12
concerns., 12
e, 12
Tuesday., 12
underscore, 12
Email:, 12
healthcare, 12
hand,, 12
Smits, 12
"In, 12
secretly, 12
counterpart, 12
upset, 12
emerging, 12
Morsi,, 12
will,, 12
capture, 12
restore, 12
burden, 12
before., 12
04,, 12
reforms, 12
drew, 12
survive, 12
operatives, 12
is:, 12
NLA, 12
available., 12
H2;, 12
LNP, 12
ending, 12
materials,, 12
Organization, 12
Permanent, 12
troop, 12
C05772910, 12
threw, 12
Espinosa, 12
Yang, 12
Marines, 12
defeated, 12
2009., 12
practices, 12
character, 12
Building, 12
dignity, 12
states., 12
Uribe's, 12
Jean, 12
suffered, 12
Mahmoud, 12
box, 12
merely, 12
map, 12
view,, 12
months,, 12
correct, 12
Stone, 12
Turkey,, 12
CLINTON:, 12
1), 12
gathering, 12
sheet,, 12
200, 12
assault, 12
Minter's, 12
Fighting, 12
Campbell,, 12
Hopefully, 12
Pavilion, 12
doing., 12
capable, 12
Points, 12
Taliban., 12
Abdurrahim, 12
pressing, 12
movements, 12
(who, 12
Democracy, 12
images, 12
CASE, 12
community., 12
itself,, 12
video., 12
US,, 12
perspective, 12
individuals,, 12
Tonight, 12
sharp, 12
Kelly, 12
easily, 12
acting, 12
Partnership, 12
Power, 12
Communications, 12
Freeman, 12
Thanksgiving, 12
VMI, 12
visiting, 12
leadership,, 12
leadership., 12
simple, 12
Adviser, 12
husband,, 12
matter,, 12
alternative, 12
Lewis, 12
Perhaps, 12
Nye, 12
2004, 12
[other, 12
helps, 12
Aren't, 12
exercise, 12
3;, 12
negotiated, 12
winning, 12
Feder, 12
area., 12
team,, 12
Smart, 12
MillsCD@state.gov, 12
portray, 12
recommendation, 12
1989, 12
claiming, 12
Stewart, 12
news., 12
limited, 12
7:40, 12
estimated, 12
noting, 12
C05760453, 12
history,, 12
SOFA,, 12
go,, 12
Photo, 12
go?, 12
onto, 12
too,, 12
Allister, 12
successfully, 12
C05773691, 12
C05773693, 12
Trafficking, 12
Washington's, 12
rely, 12
Begin, 12
al-Islam, 12
EST, 12
Dad, 12
2004,, 12
Red, 12
health., 12
Russo,, 12
10:15, 12
requirements, 12
plus, 12
NGOs, 12
dilema, 12
August., 12
realistic, 12
necessarily, 12
million., 12
wide, 12
return., 12
fails, 12
peaceful, 12
500, 12
inability, 12
DeMint, 12
Brazil,, 12
C05760165, 12
C05759797, 12
deserve, 12
Conservatives, 12
tragedy, 12
backed, 12
Full, 12
«020510, 12
undertake, 12
Kandahar, 12
art, 12
'verveerms@state.gov', 12
succeed, 12
Plan, 12
Institution, 12
supporters,, 12
Blair's, 12
advocate, 12
Aid, 12
credible, 12
'gustafson_karen@, 12
Tillemann,, 12
Enjoy, 12
weeks,, 12
republican, 12
sentiment, 12
Success, 12
regards, 12
Beale,, 12
centre, 12
ground., 12
bought, 12
walk, 12
agreement., 12
thus, 12
units, 12
Manuel, 12
Downing, 12
incredibly, 12
Jonathan, 12
demonstrate, 12
Lusi, 12
Until, 13
Matthew, 13
Lindwall,, 13
backdrop, 13
school,, 13
assured, 13
Work, 13
was,, 13
Chicago, 13
frankly,, 13
debt, 13
remind, 13
Haftar,, 13
crowd, 13
Jake,, 13
raises, 13
resulted, 13
Korea,, 13
proven, 13
chair, 13
Velia, 13
boost, 13
Me, 13
divided, 13
records, 13
breakthrough, 13
anti-, 13
Stormont, 13
30,000, 13
directed, 13
assistant, 13
diplomacy,, 13
weapon., 13
traffic, 13
noon, 13
fundraising, 13
abuses, 13
detailed, 13
follow-up, 13
empower, 13
objectives, 13
11:00, 13
Swiss, 13
travelling, 13
NGO, 13
leverage, 13
Guardian, 13
reliance, 13
Has, 13
preparing, 13
speed, 13
knowing, 13
privileged,, 13
acceptance, 13
Carl, 13
Church, 13
governments,, 13
Limited, 13
yet,, 13
personnel,, 13
Young, 13
:, 13
Amb., 13
existing, 13
torture, 13
result,, 13
purposes, 13
Oct., 13
produced, 13
important., 13
San, 13
Sam, 13
agriculture, 13
following:, 13
legislative, 13
familiar, 13
end., 13
etc, 13
Fyi., 13
amendment, 13
Hutchison, 13
Gelb, 13
pro-Qaddafi, 13
transparency, 13
Abd, 13
indicates, 13
meaningful, 13
USAID,, 13
Soviet, 13
(including, 13
mistake, 13
reproductive, 13
turns, 13
guy, 13
Teleconference, 13
space, 13
flying, 13
celebrate, 13
Members, 13
8:45, 13
Lieberman, 13
learning, 13
Bloomberg, 13
am?, 13
peace,, 13
removing, 13
delayed, 13
organizations,, 13
describe, 13
details., 13
Law, 13
respected, 13
nine, 13
Murtha, 13
Chollet,, 13
bless, 13
energy,, 13
testify, 13
Kissinger, 13
Issue,, 13
success., 13
guide, 13
coup, 13
Twitter, 13
A., 13
Speaking, 13
Gender, 13
AT, 13
plays, 13
Back, 13
647, 13
Claire, 13
far,, 13
hesitate, 13
competing, 13
Part, 13
Jacobi;, 13
below:, 13
Walid, 13
sold, 13
Los, 13
times., 13
Bailey, 13
enhance, 13
oscar, 13
arrested, 13
message,, 13
approach., 13
Juwali, 13
0;, 13
website, 13
grown, 13
states,, 13
somehow, 13
dead, 13
Dept, 13
agreeing, 13
08,, 13
praised, 13
Children, 13
Samuelson,, 13
staying, 13
entity, 13
monitor, 13
mail, 13
shot, 13
media,, 13
black, 13
declared, 13
mark, 13
sound, 13
gaining, 13
wife,, 13
calls., 13
audience, 13
reports,, 13
4:30, 13
monday., 13
Alamin, 13
US., 13
reluctant, 13
memo,, 13
acts, 13
mtg?, 13
Salafist, 13
El, 13
Ed, 13
Jimmy, 13
helpful., 13
Asia,, 13
restoration, 13
FY, 13
mtgs, 13
water,, 13
profile, 13
Holidays!, 13
IIP,, 13
unlikely, 13
Holiday, 13
Ashraf,, 13
admitted, 13
convey, 13
happens, 13
death., 13
Campaign, 13
Ok?, 13
Festival, 13
scheduling, 13
attract, 13
sitting, 13
enter, 13
expects, 13
Adding, 13
Pirro,, 13
plenty, 13
Fuchs,, 13
faced, 13
Karen, 13
teachers, 13
detained, 13
proposes, 13
effort,, 13
chapter, 13
Hillary:, 13
Muscatine, 13
existed, 13
setting, 13
Sinek, 13
Visit, 13
Member, 13
handled, 13
UNESCO, 13
fourth, 13
district, 13
Love, 13
programs., 13
pleasure, 13
mission., 13
contract, 13
FISA, 13
migrants,, 13
direction, 13
event., 13
Talk, 13
Joanne, 13
Armenians, 13
supposedly, 13
points?, 13
interviews, 13
India., 13
Pani, 13
behavior, 13
Eid, 13
meaning, 13
Guy, 13
ethnic, 13
remove, 13
integrated, 13
proposing, 13
hearings, 13
collaboration, 13
circumstances., 13
ground,, 13
Participants:, 13
Unfortunately,, 13
Staff., 13
Abdulrahman, 13
past,, 13
her,, 14
strike, 14
90, 14
easier, 14
Huma,, 14
teams,, 14
Bani, 14
needed., 14
fairly, 14
12:30, 14
MPs, 14
roll, 14
Charles, 14
FMinister, 14
Scrap, 14
Managua, 14
submit, 14
job,, 14
expression, 14
N., 14
Atlantic, 14
2006, 14
Alex, 14
pverveer, 14
9/11, 14
4:00, 14
driven, 14
guess, 14
Fr., 14
writes, 14
reporters, 14
WHA,I0,, 14
U.S.,, 14
project., 14
militiamen, 14
Frank, 14
terrorists, 14
diverse, 14
actors, 14
McLaughlin, 14
hunger, 14
Janet, 14
sharply, 14
Several, 14
Greece, 14
perfect, 14
', 14
ordering, 14
al-, 14
Levin, 14
atmosphere, 14
Get, 14
drawing, 14
moments, 14
There's, 14
delivery, 14
Rice,, 14
monday, 14
U, 14
daughter, 14
Cingular, 14
recovery, 14
oppose, 14
power,, 14
target, 14
materials, 14
Bildt, 14
handful, 14
08/27/2015, 14
Alice, 14
born, 14
External, 14
S-Mubarak, 14
Hector, 14
dying, 14
test, 14
outreach, 14
trouble, 14
Rick, 14
Monday?, 14
car, 14
expanding, 14
troops., 14
acknowledge, 14
Conference,, 14
television, 14
remained, 14
Through, 14
Holbrooke,, 14
Leader, 14
care,, 14
Somali, 14
tradition, 14
complained, 14
charges, 14
S_SpecialAssistants, 14
efforts,, 14
momentum, 14
recipient, 14
intend, 14
greatly, 14
Add, 14
CAPRESSREQUESTS;, 14
cabinet., 14
unrest, 14
sustain, 14
Khalifa, 14
aimed, 14
C05774593, 14
systems, 14
if,, 14
Army., 14
fine., 14
system,, 14
Copyright, 14
Murdoch, 14
Notes, 14
culture, 14
deploying, 14
Isabelle, 14
Forwarded, 14
determination, 14
Hassan, 14
reviewed, 14
paramilitary, 14
Hyman, 14
'AbedinH@state.gov', 14
Assistance, 14
HIV, 14
attachments, 14
measure, 14
Egypt's, 14
TAPPER:, 14
Alumni, 14
(, 14
120, 14
official,, 14
together,, 14
Ann, 14
Hyatt, 14
inner, 14
offensive, 14
reform,, 14
aides, 14
vast, 14
Lissa;, 14
Qaeda, 14
20520, 14
down,, 14
representing, 14
briefed, 14
Loach, 14
Arctic, 14
Sejm, 14
question., 14
save, 14
Safe, 14
what,, 14
off., 14
proposals, 14
Montreal, 14
grow, 14
Leslie, 14
7:00, 14
decision., 14
Grand, 14
sheets, 14
Tripoli., 14
Tripoli,, 14
miles, 14
2011., 14
meantime,, 14
substantive, 14
Envoy, 14
Contact:, 14
C05762853, 14
HRC., 14
Contact, 14
Congress,, 14
abandon, 14
hours., 14
ok?, 14
extraordinary, 14
En, 14
Schwartz,, 14
Donors', 14
diplomats,, 14
C05739722, 14
"There, 14
extremist, 14
immigration, 14
hoped, 14
2003, 14
train, 14
cutting, 14
challenges., 14
environmental, 14
business,, 14
sophisticated, 14
comment, 14
Melton, 14
PhRMA, 14
claimed, 14
shuttle, 14
sets, 14
Major, 14
preparations, 14
C05775710, 14
Wendy, 14
detail, 14
CEO, 14
crises, 14
Mitt, 14
consistent, 14
general,, 14
non-governmental, 14
leaves, 14
shoot, 14
Muslims, 14
driving, 14
to., 14
Sat,, 14
hung, 14
3:30, 14
core, 14
GMT, 14
memo., 14
sometime, 14
picture, 14
alternatives, 14
passage, 14
he'd, 14
A/S, 14
ultimately, 14
Date, 14
spokeswoman, 14
idea., 14
connections, 14
Democrat, 14
HRC's, 14
Laws, 14
life., 14
IS, 14
IG, 14
event,, 14
Germany,, 14
Anti-Gay, 14
action., 14
Costa, 14
Albright, 14
alleged, 14
surgical, 14
lawmakers, 14
talks., 14
C05739660, 14
Dominican, 14
Raj, 14
generation, 14
thoughts., 14
risks, 14
C05759801, 14
C05759802, 14
finding, 14
stands, 14
THIS, 14
activity, 14
prescription, 14
Italy, 14
Oscar,, 14
higher, 14
arrived, 14
analysis, 14
interests., 14
nice, 14
Belfast,, 14
Based, 14
contributions, 14
stable, 14
supports, 14
Xpress, 14
deny, 14
favor, 14
limit, 14
sufficient, 14
11., 14
Clegg, 15
's, 15
threatened, 15
euro, 15
S/ES-0,, 15
showed, 15
shall, 15
federalist, 15
Venezuela, 15
Pentagon, 15
Use, 15
intent, 15
minute, 15
Kevin, 15
Enough, 15
monitoring, 15
agenda., 15
massive, 15
cloakroom, 15
on,, 15
Laszczych,, 15
anything,, 15
press., 15
undermine, 15
berry, 15
Mon,, 15
Real, 15
Canada, 15
hour., 15
documents., 15
cases,, 15
Brussels, 15
SES-0;, 15
great., 15
threatening, 15
2008,, 15
attacking, 15
poverty, 15
Napolitano, 15
Nobel, 15
Ireland,, 15
elsewhere, 15
disarming, 15
Feedback, 15
minister,, 15
tied, 15
[the, 15
'pverveer, 15
PC, 15
ends, 15
transparent, 15
Chelsea, 15
Jesse, 15
voted, 15
we'll, 15
Sufi, 15
relationship., 15
others,, 15
production, 15
fellowship, 15
convenient, 15
adequate, 15
runs, 15
Indonesian, 15
S/CRS,, 15
Sudan,, 15
Lee, 15
tonight?, 15
balanced, 15
Sept., 15
English, 15
usually, 15
naming, 15
invitation, 15
Edward, 15
husband, 15
come., 15
Before, 15
testimony, 15
Hotel, 15
low, 15
you!, 15
moves, 15
referring, 15
chuckle, 15
elsewhere., 15
S,, 15
committee, 15
you've, 15
9:19, 15
minutes., 15
station, 15
usual, 15
Medicare, 15
Ghori,, 15
submission, 15
bureaus, 15
Haiti;, 15
Irish, 15
hrod17@clintonemail.com>, 15
manage, 15
Editorial, 15
critics, 15
hostile, 15
freeze, 15
treat, 15
Polish, 15
times,, 15
"I'm, 15
decisions., 15
Like, 15
Friday., 15
portion, 15
202-647-1512, 15
Russians, 15
St., 15
moral, 15
Traditional, 15
York,, 15
Kivu, 15
praise/validation, 15
reassure, 15
girls, 15
min:, 15
attempts, 15
S/ES,, 15
path, 15
remaining, 15
particular,, 15
review,, 15
David,, 15
sounds, 15
Patricia, 15
efficient, 15
sites, 15
Alliance, 15
seat, 15
Avenue, 15
Yezza, 15
Biden, 15
Threat:, 15
recall, 15
FMs, 15
strategies, 15
extended, 15
Justin, 15
emphasize, 15
weren't, 15
12:45, 15
S-Saudabayev, 15
Megan, 15
Mae, 15
body, 15
-----, 15
Moroccan, 15
defend, 15
barriers, 15
female, 15
"It's, 15
saying,, 15
team], 15
injured, 15
II, 15
soft, 15
Polt,, 15
students., 15
Wall, 15
pis, 15
problems,, 15
aftermath, 15
generals, 15
Hakim, 15
House,, 15
widespread, 15
both., 15
assistance., 15
Japanese, 15
flow, 15
Libyans, 15
office., 15
Arabia,, 15
Hillsborough, 15
Much, 15
op-ed, 15
Commission, 15
environment, 15
posts, 15
Bruce, 15
abroad., 15
say., 15
Donilon, 15
Cheryl:, 15
gaps, 15
END, 15
confirmation, 15
college, 15
cities, 15
revolution., 15
_, 15
FBI, 15
CNN, 15
they'll, 15
'sullivanij@state.gov', 15
options, 15
proceed, 15
10:56, 15
information,, 15
night,, 15
email., 15
securing, 15
numerous, 15
days,, 15
reasons, 15
advisers, 15
Front, 15
Fund, 15
secretary,, 15
Ron, 15
rally, 15
vice, 15
rape, 15
maternal, 15
covered, 15
MailController, 15
Lessons, 15
one,, 15
obtain, 15
Matt, 15
Following, 15
record, 15
her?, 16
collapse, 16
extent, 16
07,, 16
memorial, 16
opinions, 16
Berlusconi's, 16
Bajnai, 16
M,, 16
Netanyahu's, 16
Verizon, 16
revised, 16
instructed, 16
worried, 16
Rahm, 16
Says, 16
summer, 16
weekly, 16
complete, 16
turning, 16
state,, 16
army,, 16
D(S),, 16
understands, 16
C05759609, 16
backing, 16
promising, 16
specifically, 16
Bhutto, 16
age, 16
carrying, 16
Lanny, 16
Catholic, 16
Cabinet, 16
realize, 16
book,, 16
viewed, 16
Piercy, 16
PA, 16
"person", 16
demonstrators, 16
place., 16
CMS,, 16
NEA,, 16
party., 16
Automatic, 16
vote., 16
Coup, 16
campaign,, 16
S/CT,, 16
Sec, 16
Luce, 16
Powell, 16
PA,, 16
depends, 16
requests, 16
flexible, 16
School, 16
reality, 16
D(L),, 16
southern, 16
Posner, 16
R,, 16
entirely, 16
terrific, 16
repeatedly, 16
notice, 16
Jeremy, 16
worry, 16
finish, 16
peace., 16
PMAT,, 16
pointing, 16
pledged, 16
(see, 16
invasion, 16
), 16
CA,, 16
points., 16
circle, 16
dialogue, 16
Deputies, 16
NSOC,, 16
Department's, 16
AQ, 16
commercial, 16
potus, 16
EAP,, 16
WHSR., 16
Smith, 16
Anne-Marie;, 16
keen, 16
Information, 16
consequences, 16
fuel, 16
below,, 16
prayers, 16
Second,, 16
aid,, 16
starts, 16
signature, 16
al-Juwali, 16
seven, 16
govt, 16
education,, 16
<sbwhoeop, 16
targets, 16
DS,, 16
suggestion, 16
Sharon, 16
ministry, 16
but,, 16
2011,, 16
killing, 16
maintained, 16
wake, 16
T,, 16
out?, 16
morning?, 16
president's, 16
INR,, 16
Arabs, 16
nation's, 16
governance, 16
Morales, 16
E,, 16
PRESS, 16
service., 16
S_SpecialAssistants;, 16
orders, 16
carefully, 16
election,, 16
gay, 16
organization, 16
shape, 16
Beijing, 16
Books, 16
Hussein, 16
GOLDMAN, 16
Iran., 16
president., 16
line., 16
Caribbean, 16
timing, 16
C05760648, 16
proper, 16
Planned, 16
Two, 16
chronic, 16
G,, 16
assessment, 16
AF,, 16
priorities, 16
solutions, 16
criticized, 16
search, 16
complex, 16
Hungarian, 16
Media, 16
Mother's, 16
shouldn't, 16
white, 16
released, 16
London,, 16
commitments, 16
granted, 16
changing, 16
possible,, 16
markets, 16
'reinesp@state.gov', 16
confirmed., 16
information., 16
night., 16
Fax, 16
C05739644, 16
C05739647, 16
Russia, 16
filed, 16
Brief, 16
explore, 16
Parlak, 16
Ambassadors, 16
Shuttle, 16
Maura, 16
Merten,, 16
SCA,, 16
05,, 17
Three, 17
yet?, 17
Abdul, 17
participate, 17
D.C., 17
Fax:, 17
6:00, 17
dollars, 17
Personal, 17
afford, 17
data, 17
instability, 17
rival, 17
Thai, 17
dimension, 17
think?, 17
You'll, 17
meetings., 17
keeping, 17
ally, 17
connection, 17
suffering, 17
involves, 17
Emergency, 17
scene, 17
enforcement, 17
DG,, 17
worldwide, 17
principal, 17
stuff, 17
P;, 17
Diane, 17
H., 17
controversial, 17
party,, 17
families,, 17
award, 17
anniversary, 17
guidance, 17
wh, 17
tone, 17
dozens, 17
honored, 17
BILATERAL, 17
'hanleymr@state.gov', 17
Jersey, 17
fragile, 17
R., 17
et, 17
shown, 17
Tauscher, 17
Mail, 17
Johnson, 17
Kenneth, 17
care., 17
9:30, 17
Whitehaven, 17
benefit, 17
scanned, 17
Take, 17
prohibited., 17
<McHaleJA@state.gov>, 17
Secretary., 17
house., 17
mobile, 17
creation, 17
requires, 17
Award, 17
Now, 17
EUR,, 17
improving, 17
Ian, 17
Meanwhile,, 17
12., 17
destruction, 17
Despite, 17
recognized, 17
rescue, 17
Merkel, 17
right., 17
V, 17
aid., 17
principle, 17
weekend., 17
C,, 17
claims, 17
facto, 17
not., 17
favour, 17
avoiding, 17
Putin, 17
designed, 17
interesting, 17
media., 17
W;, 17
Buhl,, 17
Year, 17
defence, 17
stood, 17
Government,, 17
X;, 17
doctors, 17
role., 17
OFFICE, 17
2002, 17
Jacobson,, 17
Goal, 17
problems., 17
enjoy, 17
street, 17
change,, 17
newly, 17
primary, 17
radio, 17
transatlantic, 17
Sarah, 17
Still, 17
na, 17
tonight,, 17
emphasized, 17
Secure, 17
brother, 17
parliamentary, 17
motion, 17
millions, 17
Such, 17
Minister,, 17
telephone, 17
reminder, 17
strict, 17
MINISTER, 17
necessary., 17
stick, 17
talks,, 17
best., 17
generate, 17
option, 17
part,, 17
Zionism, 17
'balderstonkm@state.gov', 17
stating, 17
Americans,, 17
order., 17
Email, 17
8:15, 17
crisis,, 17
traveling, 17
pushing, 17
Nations,, 17
Ambassador., 17
permanent, 17
holiday, 17
yesterday., 17
looked, 17
Sidney, 17
Rodham, 17
Brian, 18
headquarters, 18
Culver,, 18
nation., 18
willingness, 18
r, 18
BCA, 18
Poland, 18
distribute, 18
opinion,, 18
Steven, 18
losing, 18
'JilotyLC@state.gov';, 18
complicated, 18
Brazil, 18
drive, 18
laws, 18
walking, 18
aggressive, 18
newspaper, 18
costs, 18
process,, 18
Honduras., 18
politically, 18
Alec, 18
Simpson,, 18
condition, 18
section, 18
OpsAlert, 18
condemn, 18
Macmanus,, 18
Authority, 18
missed, 18
first,, 18
forward,, 18
politics,, 18
'abedinh@state.gov';, 18
rules, 18
do?, 18
democracy,, 18
Insulza, 18
Regan,, 18
truth, 18
Posner,, 18
<VerveerMS@state.gov>, 18
later,, 18
Julissa;, 18
Representative, 18
Hey, 18
contribute, 18
Tarhouni, 18
break, 18
crimes, 18
safety, 18
phase, 18
Institute, 18
Finally,, 18
Posivak,, 18
serving, 18
Team, 18
"This, 18
asap, 18
shortly., 18
Film, 18
dominated, 18
9:15, 18
C05759596, 18
multilateral, 18
feels, 18
rights,, 18
settlements, 18
game, 18
it,", 18
strategy,, 18
b/I, 18
speech,, 18
"If, 18
impression, 18
unionists, 18
again,, 18
courts, 18
protest, 18
type, 18
down., 18
weakness, 18
is., 18
somewhat, 18
tells, 18
referendum, 18
elections., 18
Daily, 18
negative, 18
adds, 18
review., 18
acceptable, 18
Loh,, 18
emailed, 18
developments, 18
here's, 18
202, 18
Courtney, 18
Mordica, 18
Assembly, 18
stepped, 18
solve, 18
facing, 18
pharmaceutical, 18
talk., 18
America,, 18
achieving, 18
ahead., 18
playing, 18
initiative., 18
<cheryl.mills, 18
express, 18
(NTC), 18
matter., 18
Wanted, 18
C05767147, 18
sexual, 18
weapon, 18
Europeans, 18
Blum,, 18
Crown, 18
III, 18
Liberal, 18
negotiating, 18
Room,, 18
reputation, 18
Afghanistan's, 18
office,, 18
offices, 18
Lisa;, 18
fought, 18
landed, 18
remarkable, 18
month,, 18
secured, 18
Stephen;, 18
discussing, 18
Prayer, 18
call,, 18
Standard, 18
reflect, 18
departure, 18
year's, 18
McMullen,, 18
associates, 18
C05763232, 18
C05763238, 18
Arola,, 18
Former, 18
handover, 18
Moreover,, 18
Amb, 18
operational, 18
candidates, 18
agree., 18
watching, 18
ones, 18
03,, 18
agreements, 18
approve, 18
unprecedented, 18
replace, 19
Indeed,, 19
capital, 19
Summit, 19
bomb, 19
desire, 19
angry, 19
opposed, 19
did., 19
argument, 19
photos, 19
Conservative, 19
Answers, 19
think., 19
regime., 19
faxed, 19
mass, 19
content, 19
GNC., 19
Sounds, 19
what's, 19
governments., 19
clearance, 19
Karl, 19
surprised, 19
demands, 19
sides, 19
advisory, 19
CLINTON, 19
element, 19
you'll, 19
Thursday., 19
Congressman, 19
NYT, 19
Drucker,, 19
cheryl.mills, 19
Initiative, 19
worse, 19
network, 19
approximately, 19
solely, 19
implementation, 19
FYI., 19
quotes, 19
<hdr22@clintonemail.com>, 19
perceived, 19
presented, 19
hear., 19
whenever, 19
mostly, 19
professional, 19
truly, 19
But,, 19
editorial, 19
Earlier, 19
Sun,, 19
stopped, 19
heavy, 19
Washington., 19
revolutionary, 19
Kyrgyzstan, 19
questioned, 19
faith, 19
visit., 19
position., 19
FOREIGN, 19
picked, 19
addresses, 19
Oval, 19
high-level, 19
official., 19
bipartisan, 19
Pakistan's, 19
headed, 19
prominent, 19
UNCLASSIFIED., 19
up,, 19
affect, 19
skills, 19
WHA, 19
Civil, 19
grant, 19
then,, 19
<Sullivanii@state.gov>, 19
Roberta, 19
lies, 19
pavilion, 19
delete, 19
happening, 19
travels, 19
House., 19
useful, 19
development., 19
emerged, 19
Commerce, 19
protected, 19
paid, 19
deployed, 19
12:00, 19
out,, 19
road, 19
Society, 19
field, 19
Eikenberry, 19
represent, 19
eye, 19
mtg., 19
telling, 19
insurance, 19
initiatives, 19
gotten, 19
fine, 19
McChrystal, 19
bin, 19
Nothing, 19
involving, 19
Jennifer, 19
account, 19
obvious, 19
says., 19
lines, 19
Kubiske,, 19
progress., 19
regime,, 19
Pat, 19
Interior, 19
Orna, 19
home,, 19
homes, 19
value, 19
pending, 19
JCP, 19
Japan, 19
Milton, 19
Act, 19
8th, 19
Lord, 19
Spain, 19
victory, 19
weak, 19
Podesta, 19
insisted, 19
50, 19
Lyn, 19
Edinburgh, 19
effort., 19
inform, 19
Administration's, 19
encouraged, 19
libya, 19
poll, 19
schedule., 19
Haitians, 19
briefly, 19
bilateral, 19
Anything, 19
People, 19
radical, 19
J., 19
achieved, 19
declined, 19
BY, 19
away., 19
women., 19
"He, 19
Tomicah, 19
apply, 19
8., 19
conflict., 19
priority, 19
student, 19
carried, 19
Retreat, 20
wrong, 20
listed, 20
Vice, 20
Pacheco,, 20
Union, 20
busy, 20
rich, 20
presidency, 20
Lautenberg, 20
east, 20
corps, 20
veterans, 20
Rodriguez,, 20
<Huma@clintonemail.com>, 20
Article, 20
12:15, 20
Kurt, 20
parties., 20
paper, 20
Steinberg, 20
expanded, 20
Strategy, 20
Yohannes, 20
Congo, 20
eager, 20
Sowan, 20
broader, 20
Cardiel,, 20
figures, 20
letters, 20
placed, 20
Iranian, 20
red, 20
indicated, 20
strength, 20
launched, 20
C05762967, 20
Bangladesh, 20
UNICEF, 20
embassies, 20
Legal, 20
10:00, 20
Democrats, 20
NSC, 20
Daisy;, 20
coordinate, 20
credibility, 20
Latin, 20
FROM, 20
boycott, 20
system., 20
Most, 20
manifest, 20
delivered, 20
properly, 20
structure, 20
stage, 20
appointed, 20
Israel,, 20
Other, 20
Heidi, 20
effect, 20
broad, 20
stories, 20
seriously, 20
active, 20
credit, 20
war,, 20
Floor, 20
can., 20
investments, 20
leaders., 20
assume, 20
pouch, 20
development,, 20
totally, 20
Sharia, 20
community,, 20
Treaty, 20
fill, 20
NFA, 20
[mailto:, 20
Ban, 20
conducted, 20
Terry, 20
century, 20
9am, 20
Hickey,, 20
China., 20
children,, 20
Qa'ida, 20
Henry, 20
change., 20
Financial, 20
edits, 20
attack., 20
H,, 20
case,, 20
urge, 20
multiple, 20
Hebrew, 20
subsequent, 20
mutually, 20
Yes., 20
ten, 20
questions., 20
traditional, 20
We're, 20
problem., 20
East., 20
wishes, 20
week's, 20
smaller, 20
instead, 20
weeks., 20
Bush's, 20
ensuring, 20
promise, 20
bringing, 21
brings, 21
Angela, 21
extend, 21
<BalderstonKM@state.gov>, 21
Warren, 21
bottom, 21
Ms, 21
Europe,, 21
sad, 21
law,, 21
Leadership, 21
job., 21
representatives, 21
allies., 21
enable, 21
missiles, 21
2010,, 21
France,, 21
followers, 21
<preines, 21
determined, 21
Freedom, 21
later., 21
invited, 21
Mandelson, 21
el-Keib's, 21
recognition, 21
Brookings, 21
campaign., 21
Uganda, 21
voting, 21
Jabar, 21
Board, 21
Rice, 21
2:30, 21
3:20, 21
market, 21
Jibril, 21
1.4(B),, 21
Memo, 21
Dick, 21
document, 21
Rep., 21
valuable, 21
Breakfast, 21
trained, 21
absence, 21
Peace, 21
Regards,, 21
wouldn't, 21
Yussef, 21
draw, 21
Arabia, 21
sanctions, 21
time?, 21
harder, 21
AIPAC, 21
PM,, 21
MS., 21
operate, 21
2009,, 21
Regional, 21
Jones,, 21
Gaza, 21
earthquake, 21
G, 21
De, 21
Services, 21
considering, 21
warning, 21
middle, 21
assist, 21
[15, 21
'muscatinel@state.gov', 21
difference, 21
Only, 21
family., 21
resolve, 21
election., 21
employees, 21
hopes, 21
exchange, 21
re:, 21
south, 21
Without, 21
disease, 21
they're, 21
otherwise, 21
proposal, 21
fellow, 21
buy, 21
2:00, 21
treaty, 21
situation,, 21
2201, 21
Martha, 21
Government., 21
case., 21
Family, 21
sources,, 21
careful, 21
spirit, 21
author, 21
accepted, 21
donor, 21
there,, 21
widely, 21
lower, 21
Africa's, 21
women,, 21
raising, 21
Kingdom, 21
degree, 21
suggests, 21
patients, 21
one., 21
Maggie, 21
Richardson, 21
influential, 21
transfer, 21
error,, 22
represents, 22
Then, 22
lots, 22
Baghdad, 22
p.m., 22
Sudanese, 22
contained, 22
intends, 22
60, 22
fundamental, 22
reduce, 22
forward., 22
#, 22
Todd, 22
land, 22
PJ, 22
Need, 22
rights., 22
Home, 22
total, 22
Gen., 22
electronic, 22
Water, 22
countries., 22
attacked, 22
denied, 22
Abdullah, 22
expertise, 22
transition, 22
intervention, 22
launch, 22
clean, 22
alongside, 22
voters, 22
forces,, 22
Baucus, 22
addressed, 22
council, 22
Wilson, 22
be., 22
Saba, 22
(which, 22
teaching, 22
third, 22
then., 22
Cairo, 22
Planning, 22
messages, 22
Ambassador's, 22
entered, 22
identify, 22
offering, 22
Orthodox, 22
shift, 22
Petraeus, 22
dates, 22
fall, 22
published, 22
David's, 22
Governor, 22
11th, 22
Valenzuela,, 22
task, 22
Holder, 22
Tunisia, 22
11:30, 22
praise, 22
loved, 22
team., 22
Osama, 22
copies, 22
biggest, 22
Iraq., 22
40, 22
G;, 22
leader,, 22
demanding, 22
writing, 22
TIME, 22
hearing, 22
western, 22
ran, 22
trust, 22
Madeeha, 22
policy., 22
prosperity, 22
federal, 22
strictly, 22
loyal, 22
understood, 22
East,, 22
back,, 22
Bureau, 22
journalists, 22
Belfast, 22
linked, 22
wall, 22
Reid, 22
Well,, 23
increasing, 23
Spence, 23
liberal, 23
Those, 23
Islam, 23
slow, 23
1:30, 23
intense, 23
couldn't, 23
returned, 23
officials,, 23
2012,, 23
Google, 23
Marty, 23
So,, 23
pledge, 23
consideration, 23
documents, 23
stronger, 23
Reynoso,, 23
highlighted, 23
(or, 23
Whitehall, 23
items, 23
festival, 23
en, 23
receiving, 23
Syria, 23
Clinton., 23
protests, 23
coverage, 23
overseas, 23
1pm, 23
banks, 23
(Reuters), 23
dealing, 23
politicians, 23
more., 23
claim, 23
GREGORY:, 23
Video, 23
sought, 23
02,, 23
hands, 23
list., 23
CGI, 23
up?, 23
advancing, 23
Copenhagen, 23
reference, 23
background, 23
Gate, 23
UNGA, 23
speeches, 23
engaging, 23
Kim, 23
Verveer, 23
Declan, 23
upcoming, 23
line,, 23
eight, 23
attempting, 23
passing, 23
hundreds, 23
Robinson,, 23
ceremony, 23
assistance,, 23
go., 23
Working, 23
Tel:, 23
/, 23
Lew, 23
water, 23
vital, 23
GOH, 23
way,, 23
I;, 23
10:30, 23
announcement, 23
decisions, 23
Shannon,, 23
battle, 23
Congolese, 23
Hugo, 23
8:30, 23
Africa,, 23
Africa., 23
Caitlin, 23
Shannon, 23
criticism, 23
associated, 23
you'd, 23
Women's, 23
support., 23
<AbedinH@state.goy>, 23
T, 23
ruling, 23
Foundation, 24
Sheikha, 24
Valmoro, 24
statement., 24
prefer, 24
allowed, 24
vision, 24
devolved, 24
cable, 24
Lavrov, 24
formal, 24
Talking, 24
Turks, 24
doubt, 24
delay, 24
Brooke, 24
Very, 24
btw, 24
C05772283, 24
C05759656, 24
countries,, 24
Mini, 24
grateful, 24
zone, 24
dedicated, 24
nomination, 24
C05771465, 24
<AbedinH@state.gov>;, 24
blame, 24
Stevens,, 24
'JilotyLC@state.gov., 24
takes, 24
N, 24
obviously, 24
popular, 24
urgent, 24
Lugar, 24
gender, 24
Greek, 24
missile, 24
soldiers, 24
legitimate, 24
neither, 24
Issues, 24
attempt, 24
point,, 24
potentially, 24
advised, 24
round, 24
months., 24
fistula, 24
Stephen, 24
contracts, 24
[10, 24
airport, 24
annual, 24
matters, 24
scale, 24
implement, 24
region,, 24
experienced, 24
reporting, 24
Iraq,, 24
lasting, 24
Derek, 24
Mazen, 24
Follow, 24
cultural, 24
Introduction, 24
huge, 24
conversations, 24
begun, 24
missions, 24
way., 24
captured, 24
blog, 24
U.N., 24
Letter, 24
Miliband, 24
worst, 24
DRAFT, 24
India,, 24
Germany, 24
emails, 24
commanders, 24
allowing, 24
crisis., 24
Unionist, 24
Indonesia, 24
K;, 24
frustrated, 24
Kabul, 24
mutual, 24
Presidential, 25
feedback, 25
Smith,, 25
asap., 25
Congressional, 25
meeting,, 25
floor, 25
alone, 25
Europe., 25
establishing, 25
package, 25
pull, 25
6, 25
pick, 25
sell, 25
sometimes, 25
comprehensive, 25
consensus, 25
communications, 25
firms, 25
Policy, 25
establishment, 25
Paris, 25
terrorism, 25
situation., 25
Meyer, 25
publicly, 25
hang, 25
Now,, 25
Republic, 25
Attached, 25
Re, 25
Adam, 25
equipment, 25
constitutional, 25
Obama,, 25
him?, 25
isn't, 25
McGuinness, 25
Today,, 25
funded, 25
Their, 25
strategy., 25
ordered, 25
required, 25
loss, 25
addition,, 25
better., 25
me,, 25
10., 25
Over, 25
appeared, 25
administration., 25
Heather, 25
pointed, 25
Damour,, 25
Teresa, 25
moderate, 25
USG, 25
returning, 25
none, 25
Forces, 25
built, 25
absolutely, 25
Max, 25
links, 25
Iran,, 25
visited, 25
knowledge, 25
relevant, 25
<Sullivann@state.gov>, 25
Officer, 25
to:, 25
Bin, 25
faces, 25
Southern, 25
greatest, 25
judge, 25
papers, 25
German, 25
population, 25
outcome, 25
Britain's, 25
symbol, 25
Karzai, 25
sustainable, 25
issue., 25
looks, 25
combat, 25
Force, 25
Maria, 25
TALKS!, 26
Budget, 26
example, 26
organized, 26
easy, 26
Lew,, 26
decades, 26
QDDR, 26
appointment, 26
Benjamin, 26
And,, 26
defeat, 26
holds, 26
end,, 26
post, 26
2:35, 26
violence,, 26
Her, 26
evening., 26
miss, 26
pretty, 26
Was, 26
War, 26
smart, 26
Israel., 26
overall, 26
joint, 26
together., 26
Laden, 26
lived, 26
C05760074, 26
amazing, 26
week?, 26
message., 26
modern, 26
mind, 26
suggested, 26
Syrian, 26
administration,, 26
generally, 26
BREAKTHROUGH, 26
deep, 26
K, 26
Classified, 26
particular, 26
Abed, 26
benefits, 26
businesses, 26
networks, 26
invite, 26
Cindy, 26
teams, 26
honor, 26
Israelis, 26
criminal, 26
Mother, 26
unless, 26
executive, 26
facilities, 26
day,, 26
catch, 26
removed, 26
regards,, 26
politics, 26
developed, 26
communities, 26
notify, 26
focusing, 26
threats, 26
Anthony, 26
deal., 26
attend, 26
material, 26
CDM, 26
urged, 26
Mustafa, 26
Marie, 26
report., 27
Meghann, 27
Moderated, 27
damage, 27
said:, 27
on., 27
on:, 27
Followup, 27
trip., 27
joined, 27
tonite, 27
emergency, 27
Jeff, 27
challenge, 27
Once, 27
Because, 27
issues,, 27
construction, 27
in,, 27
Health, 27
organize, 27
forced, 27
previous, 27
air, 27
conf, 27
militias,, 27
rebuilding, 27
dictator, 27
inquiry, 27
M., 27
God, 27
France, 27
<MuscatineL@state.gov>, 27
PIs, 27
Zintan, 27
Wednesday, 27
wonderful, 27
Blackberry, 27
Supreme, 27
closer, 27
cause, 27
border, 27
contain, 27
a.m., 27
A/GIS,, 27
reaching, 27
permit, 27
donors, 27
Dinner, 27
LNC, 27
subject, 27
ago,, 27
"They, 27
Lanka, 27
Reason:, 27
Don't, 27
DoS, 27
positions, 27
Class:, 27
wrote:, 27
2008, 27
putting, 27
domestic, 27
work,, 27
rise, 27
signing, 27
'slaughtera@state.gov', 27
Davu, 27
considered, 27
Declassify, 27
Yes,, 27
wife, 27
woman, 27
version, 27
Suite, 27
Roy, 27
Uribe, 27
State,, 27
C05769531, 28
Rio, 28
disaster, 28
demanded, 28
Consulate, 28
Maybe, 28
statement!, 28
afternoon., 28
thinks, 28
act, 28
Pakistan., 28
Diplomacy, 28
state., 28
She's, 28
names, 28
link, 28
results, 28
Miguel, 28
Company, 28
China's, 28
DC., 28
Mission, 28
produce, 28
Martin, 28
Clips, 28
towards, 28
'Russorv@state.gov', 28
Iraqi, 28
Wireless, 28
Spanish, 28
solution, 28
recommend, 28
answer, 28
regular, 28
now?, 28
personally, 28
wasn't, 28
film, 28
numbers, 28
Lisa, 28
President's, 28
Morsi, 28
Yet, 28
purpose, 28
2010., 28
tough, 28
authority, 28
(the, 28
Brown,, 28
Quartet, 28
suggest, 28
differences, 28
charge, 28
policy,, 28
Saddam, 28
Brotherhood, 28
model, 28
strengthen, 28
Both, 28
Saif, 28
Ms., 28
P, 28
sort, 28
conflicts, 28
###, 28
table, 28
adoption, 28
Ansar, 29
eastern, 29
so., 29
Jose, 29
proud, 29
natural, 29
colleagues, 29
possibility, 29
'vermarr@state.gov', 29
engaged, 29
prior, 29
learn, 29
plane, 29
research, 29
fund, 29
posted, 29
side,, 29
Berlusconi, 29
Guinea, 29
Gen, 29
CIA, 29
photo, 29
promised, 29
impossible, 29
efforts., 29
done., 29
month, 29
Jews, 29
Haiti's, 29
won, 29
chairman, 29
reflects, 29
Italian, 29
cent, 29
lose, 29
Palestinians, 29
Importance:, 29
leaders,, 29
Draft, 29
died, 29
21st, 29
cuts, 29
Chilcot, 29
Operations, 29
arrange, 29
Bond,, 29
government's, 29
Questions, 29
starting, 29
W, 29
Remarks, 29
advantage, 29
say,, 29
thousands, 29
embassy, 29
interested, 29
settlement, 29
passed, 29
context, 29
due, 29
larger, 29
measures, 29
choose, 29
1.4(B), 29
'sullivanjj@state.gov., 30
meeting., 30
possibly, 30
spoken, 30
addressing, 30
certain, 30
commander, 30
operation, 30
long-term, 30
elements, 30
lew, 30
engage, 30
President,, 30
C05739775, 30
Watch, 30
established, 30
hand, 30
write, 30
statements, 30
RP, 30
Political, 30
Death, 30
decide, 30
amount, 30
anytime, 30
Committee, 30
forces., 30
MEETING, 30
completely, 30
page, 30
min], 30
there's, 30
ago., 30
daily, 30
----, 30
track, 30
Margaret, 30
movement, 30
operating, 30
seeking, 30
E., 30
rebels, 30
electoral, 30
single, 30
privately, 30
Saturday, 30
Ministry, 30
day., 30
officer, 30
presence, 30
actions, 30
Fein, 30
brief, 30
Morocco, 30
Heyman, 30
institutions, 30
wrote, 30
Carter, 30
Air, 30
hasn't, 30
tax, 30
light, 30
Sullivan, 30
State., 30
<Sullivanil@state.gov>, 30
helpful, 30
pursue, 31
Jacobs,, 31
foundation, 31
nature, 31
lift, 31
played, 31
values, 31
Why, 31
law., 31
Decision, 31
Arturo, 31
[mailto, 31
Egypt,, 31
it?, 31
Report, 31
heads, 31
consulate, 31
yet., 31
McHale,, 31
drug, 31
poor, 31
We'll, 31
tomorrow,, 31
FYI:, 31
Kerry, 31
remember, 31
Asia, 31
Service, 31
pushed, 31
fm, 31
partnerships, 31
policing, 31
Steve, 31
Turkish, 31
Qatar, 31
Curtis,, 31
similar, 31
Hague, 31
accused, 31
importance, 31
previously, 31
Gonzalez,, 31
Relations, 31
principles, 31
BBC, 31
Given, 31
father, 31
WH, 31
carry, 31
reading, 31
infrastructure, 31
hour, 31
excited, 31
bit, 31
home., 31
<SlaughterA@state.gov>, 31
administration's, 31
require, 31
Phil, 31
opportunities, 31
'millscd@state.gov';, 31
TNC, 31
Johnson,, 31
deputy, 31
happen, 31
fair, 32
delegation, 32
much., 32
Benghazi., 32
industry, 32
Russian, 32
company, 32
internal, 32
technical, 32
president,, 32
receive, 32
involved, 32
tools, 32
Checking, 32
rule, 32
Military, 32
protection, 32
SOURCE:, 32
Korea, 32
Republicans, 32
Rich, 32
GNC, 32
RICE:, 32
DAS,, 32
conditions, 32
Hongju, 32
Chairman, 32
crucial, 32
explain, 32
programs, 32
language, 32
W., 32
pay, 32
contacts, 32
Colombian, 32
Per, 32
agrees, 32
reaction, 32
promote, 32
creating, 32
Mangoush, 32
demand, 32
advise, 32
range, 32
opening, 32
Britain, 32
encourage, 33
well,, 33
them,, 33
corporate, 33
not,, 33
currently, 33
spending, 33
seemed, 33
meant, 33
alliance, 33
safe, 33
candidate, 33
voice, 33
fact,, 33
tonight., 33
revolution, 33
country's, 33
Executive, 33
learned, 33
base, 33
Here's, 33
Bravo!, 33
arms, 33
balance, 33
Residence, 33
ops, 33
here., 33
(U), 33
family,, 33
sector, 33
Janice, 33
Turkey, 33
Director, 33
won't, 33
China,, 33
–, 33
changed, 33
"a, 33
agency, 33
[5, 33
Koh,, 33
Hillary,, 33
trafficking, 33
hit, 33
requested, 33
7., 33
attention, 33
El-Keib, 33
9,, 34
Qaddafi's, 34
investigation, 34
internet, 34
Sept, 34
turned, 34
Lady, 34
firm, 34
and/or, 34
Army, 34
Qaddafi., 34
briefing, 34
legislation, 34
appear, 34
heart, 34
Even, 34
violence., 34
Iran's, 34
am., 34
central, 34
7, 34
Women, 34
info, 34
Al, 34
Blumenthal, 34
addition, 34
"the, 34
sorry, 34
spokesman, 34
now,, 34
initial, 34
join, 34
Issue, 34
maybe, 34
FOR, 34
eventually, 34
Expo, 34
Kennedy, 34
Dialogue, 34
Presentation, 34
apparently, 34
Mike, 34
excellent, 34
States., 34
despite, 34
figure, 34
gives, 34
Tory, 34
back., 34
parliament, 34
pleased, 34
First,, 34
series, 35
understanding, 35
groups,, 35
civilians, 35
all,, 35
Qaddafi,, 35
<MillsCD@state.gov>;, 35
co-sponsor, 35
partnership, 35
votes, 35
unable, 35
welcome, 35
certainly, 35
Governments,, 35
involvement, 35
prepare, 35
PIR, 35
TV, 35
"It, 35
historic, 35
McEldowney,, 35
BlackBerry, 35
asks, 35
Palau, 35
Latest, 35
offered, 35
largely, 35
staff,, 35
morning,, 35
armed, 35
Hill, 35
continuing, 35
tomorrow's, 35
GA, 35
changes, 35
We've, 35
6., 35
Since, 35
regard, 35
workers, 35
*En, 35
growth, 35
secret, 35
Strider, 35
Colombia, 36
schools, 36
Bank, 36
7pm., 36
7:30, 36
below., 36
you--call, 36
(I, 36
gone, 36
projects, 36
Tories, 36
SECRETARY, 36
relationships, 36
terms, 36
S., 36
Brava!, 36
<VermaRR@state.gov>, 36
Mexico, 36
<reinesp@state.gov>, 36
convinced, 36
becomes, 36
Sinn, 36
Sri, 36
coordination, 36
100, 36
Kay, 36
seem, 36
Andrew, 36
fly, 36
discuss., 36
ongoing, 36
general, 36
students, 36
talk?, 36
common, 36
simply, 36
concerns, 36
seats, 36
host, 36
dangerous, 36
Best, 36
AQIM, 36
Verveer,, 36
defense, 36
days., 36
Libya's, 36
Sources, 36
largest, 36
Finance, 36
son, 37
sign, 37
remarks, 37
policies, 37
process., 37
India, 37
Benghazi,, 37
NW, 37
Honduran, 37
hoping, 37
ties, 37
society, 37
Under, 37
others., 37
highly, 37
power., 37
Doug, 37
becoming, 37
holding, 37
cost, 37
economy, 37
moved, 37
him,, 37
ahead, 37
career, 37
signed, 37
room, 37
Cdm, 37
speaking, 37
Court, 37
running, 37
Although, 37
supposed, 37
entire, 37
help., 37
effectively, 37
disarm, 37
Feltman,, 37
Nations, 37
center, 37
believed, 37
States,, 37
Its, 37
period, 37
relief, 37
Susan, 37
Joseph, 37
we're, 37
debate, 37
Juan, 37
kids, 38
services., 38
Should, 38
today's, 38
Or, 38
Madam, 38
places, 38
again., 38
thanks, 38
true, 38
let's, 38
Mary, 38
assembly, 38
minutes], 38
..., 38
fears, 38
An, 38
quality, 38
providing, 38
achieve, 38
maintain, 38
initiative, 38
fighters, 38
Prince, 38
anyone, 38
nearly, 38
USA, 38
Yes, 38
region., 38
although, 38
school, 38
serve, 38
Preval, 38
Mohammed, 38
security., 38
opposition, 38
Last, 38
Haftar, 38
waiting, 38
us., 38
Thanks., 38
fear, 38
successful, 39
engagement, 39
Sorry, 39
citizens, 39
ops., 39
civilian, 39
Pakistan,, 39
followed, 39
cover, 39
expressed, 39
issues., 39
discussions, 39
organizations, 39
rebel, 39
knowledgeable, 39
tomorrow?, 39
whatever, 39
(Managua);, 39
Bellerive, 39
today?, 39
war., 39
bad, 39
09, 39
stability, 39
POTUS, 39
responsibility, 39
Johnnie, 39
Pan, 39
partner, 39
fyi, 39
Private, 39
supplies, 39
independent, 39
Day, 39
soon., 39
strongly, 39
includes, 39
[Branch,, 39
African, 39
Thanks,, 39
gets, 39
attorney, 40
prevent, 40
states, 40
standing, 40
goal, 40
shows, 40
thinking, 40
Senior, 40
OAS, 40
win, 40
exactly, 40
Sen., 40
began, 40
sees, 40
folks, 40
views, 40
Post, 40
energy, 40
8, 40
(SBU), 40
Time, 40
communication, 40
people,, 40
Israel's, 40
essential, 40
Below, 40
financial, 41
Tony, 41
Thursday, 41
Street, 41
original, 41
course,, 41
Strategic, 41
ago, 41
continued, 41
terrorist, 41
Tuesday, 41
Branch, 41
Abdel, 41
Berlin, 41
touch, 41
coalition, 41
Secretary,, 41
However,, 41
Kennedy,, 41
near, 41
adviser, 41
moment, 41
good., 41
out., 41
deliver, 41
written, 41
'sullivanjj@state.gov';, 41
court, 41
view, 41
present, 41
this,, 41
project, 42
behalf, 42
technology, 42
investment, 42
accept, 42
Of, 42
clearly, 42
distribution, 42
created, 42
C05768470, 42
fight, 42
Monday., 42
haven't, 42
beyond, 42
started, 42
speech., 42
Public, 42
missing, 42
Shanghai, 42
necessary, 42
thoughts, 42
authorities, 42
warned, 42
improve, 42
DEPART, 42
everything, 42
cases, 42
activities, 42
deeply, 42
More, 42
world,, 42
L;, 43
power-sharing, 43
consider, 43
status, 43
closely, 43
pressure, 43
women's, 43
reconstruction, 43
What's, 43
evidence, 43
Sir, 43
history, 43
justice, 43
Am, 43
mentioned, 43
living, 43
growing, 43
named, 43
F;, 43
work?, 43
ARRIVE, 43
5., 43
High, 43
H2, 43
Note, 43
director, 43
all., 43
*, 43
Barack, 43
this?, 43
Joe, 44
Afghanistan., 44
appropriate, 44
continues, 44
NATO, 44
worth, 44
Abu, 44
cooperation, 44
supporting, 44
appears, 44
raised, 44
so,, 44
tried, 44
Development, 44
Question, 44
in., 44
supporters, 44
is,, 44
News, 44
felt, 44
He's, 44
confirm, 44
town, 44
lack, 44
know., 44
know,, 44
knows, 44
(202), 44
parts, 44
issued, 44
child, 45
Clinton,, 45
Patrick, 45
knew, 45
prime, 45
confidence, 45
ministers, 45
Labour, 45
appreciate, 45
Talbott, 45
board, 45
future., 45
Eric, 45
sheet, 45
reason, 45
T;, 45
diplomats, 45
me?, 45
medical, 45
Central, 45
weekend, 45
powers, 45
spend, 45
example,, 45
mention, 45
capacity, 45
Today, 45
people., 45
related, 45
reported, 46
wish, 46
course, 46
nation, 46
that., 46
aware, 46
comments, 46
informed, 46
Great, 46
goals, 46
piece, 46
matter, 46
decided, 46
attached, 46
1;, 46
behind, 46
everyone, 46
announce, 46
Hi, 46
quick, 46
review, 46
violent, 46
nothing, 46
leaving, 46
ability, 46
her., 47
steps, 47
Federal, 47
Who, 47
Pakistani, 47
impact, 47
Zidan, 47
whole, 47
Mills, 47
Jacobi, 47
world's, 47
sending, 47
half, 47
form, 47
develop, 47
S;, 47
fully, 47
Gore, 47
today,, 47
seek, 47
Stevens, 47
Cherie, 47
too., 47
5;, 47
Best,, 47
longer, 47
and,, 47
words, 47
we've, 47
Ellen, 47
stand, 47
six, 47
funds, 47
Strobe, 48
travel, 48
nations, 48
Toiv,, 48
responsible, 48
planned, 48
inside, 48
Judith, 48
Steinberg,, 48
avoid, 48
Kaidanow,, 48
Sheet, 48
ground, 48
cell, 48
relations, 48
Oprah, 48
call?, 48
book, 48
result, 49
First, 49
resources, 49
Food, 49
Trying, 49
climate, 49
Fwd:, 49
participation, 49
Misrata, 49
area, 49
Haiti,, 49
agenda, 49
increasingly, 49
lives, 49
04, 49
basic, 49
main, 49
served, 49
advice, 49
Room, 49
serious, 49
West, 49
Tomorrow, 49
recently, 49
became, 49
Ashton, 49
gain, 49
University, 50
play, 50
couple, 50
upon, 50
increased, 50
recognize, 50
C05763169, 50
C05739610, 50
problem, 50
army, 50
week,, 50
Scanlon,, 50
Where, 50
house, 50
spent, 50
possible., 50
Tripoli, 50
security,, 50
9, 50
helping, 50
closed, 50
member, 50
brought, 51
HEAL, 51
hrc, 51
live, 51
comes, 51
conservative, 51
Mrs., 51
force, 51
Press, 51
C;, 51
Michele, 51
failure, 51
List, 51
humanitarian, 51
Robinson, 51
Crowley,, 51
term, 51
known, 51
L, 51
Party, 51
release, 52
rest, 52
Muammar, 52
NI, 52
NY, 52
immediate, 52
failed, 52
Staff, 52
Friends, 52
el, 52
challenges, 52
using, 52
details, 52
B1, 52
whose, 52
Ali, 52
lunch, 52
Ops, 52
democracy, 52
Group, 52
experts, 52
PDB, 52
check, 52
Sean, 52
mission, 52
problems, 52
doesn't, 52
respond, 53
year,, 53
Afghanistan,, 53
mean, 53
system, 53
Abushagur, 53
secretary, 53
country,, 53
begin, 53
elected, 53
Mark, 53
Meeting, 53
Internet, 53
she's, 53
;, 53
Balderston,, 53
finally, 53
19, 53
majority, 53
raise, 53
allies, 53
areas, 53
risk, 53
proposed, 53
happened, 53
notes, 53
Amy, 53
session, 54
Democratic, 54
Republican, 54
America's, 54
interview, 54
pls, 54
short, 54
Zelaya, 54
immediately, 54
e-mail, 54
struggle, 54
moving, 54
WJC, 54
0, 54
Times, 54
Flores, 54
Dr., 54
beginning, 54
Arab, 54
understand, 54
bill, 54
Nancy, 54
Goldman, 54
AND, 54
city, 55
2, 55
included, 55
South, 55
mtg, 55
expect, 55
committed, 55
described, 55
focused, 55
World, 55
Mitchell, 55
operations, 55
wait, 55
Ben, 55
man, 55
thing, 55
show, 55
Council,, 55
cut, 55
Christopher, 55
specific, 55
goes, 55
discussed, 55
various, 55
highest, 55
Huma;, 56
word, 56
Ireland, 56
families, 56
reform, 56
you?, 56
confidential, 56
front, 56
powerful, 56
Good, 56
Thomas, 56
,, 56
03, 56
talked, 56
services, 56
greater, 56
Deputy, 56
ok, 56
separate, 56
Nora, 56
Jones, 57
negotiations, 57
tribal, 57
Intelligence, 57
basis, 57
de, 57
partners, 57
sources, 57
different, 57
that's, 57
strategic, 57
interim, 57
Dan, 57
provided, 57
cabinet, 57
militia, 57
conversation, 57
---, 57
push, 58
positive, 58
experience, 58
face, 58
law, 58
That's, 58
lost, 58
companies, 58
London, 58
personnel, 58
progress, 58
helped, 58
turn, 58
minister, 58
old, 59
reached, 59
pass, 59
presidential, 59
Would, 59
Mubarak, 59
article, 59
officers, 59
Thx, 59
years., 59
special, 59
do., 59
interest, 59
Cameron, 59
government,, 59
4, 59
Abedin;, 59
copying, 59
Brazilian, 59
Gates, 59
Justice, 59
'millscd@state.gov., 59
feel, 59
cdm, 59
During, 59
Subject, 59
life, 60
five, 60
Muscatine,, 60
away, 60
shared, 60
For:, 60
(and, 60
success, 60
Mrs, 60
stay, 60
afternoon, 60
<ValmoroU@state.gov>, 60
Rights, 60
Sudan, 60
significant, 60
giving, 60
York, 60
Friday, 60
minutes, 60
Many, 60
best,, 60
question, 60
reports, 61
Another, 61
Statement, 61
Palestinian, 61
Tina, 61
toward, 61
route, 61
billion, 61
funding, 61
Affairs, 61
supported, 61
latest, 61
hospital, 61
"We, 61
Paul, 62
democratic, 62
individuals, 62
it,, 62
directly, 62
actually, 62
Haiti., 62
education, 62
almost, 62
4,, 62
quickly, 62
expected, 62
Romney, 62
scheduled, 62
respect, 62
8,, 62
Peter, 62
training, 63
19,, 63
high, 63
you're, 63
Have, 63
'sbwhoeop, 63
Bob, 63
3., 63
Could, 63
however,, 63
Belhaj, 63
Your, 64
earlier, 64
Chief, 64
works, 64
seeing, 64
stop, 64
killed, 64
King, 64
throughout, 64
Here, 64
region, 64
etc., 64
perhaps, 64
service, 65
Happy, 65
large, 65
along, 65
USAID, 65
weeks, 65
'cheryl.mills, 65
Harold, 65
talks, 65
connect, 65
prepared, 65
work., 65
someone, 65
planning, 65
via, 66
allow, 66
DUP, 66
Any, 66
remain, 66
elections, 66
Transitional, 66
took, 66
advisors, 67
year., 67
saw, 67
sense, 67
interests, 67
means, 67
religious, 67
side, 67
08, 67
advance, 67
Shaun, 67
extremely, 67
Oil, 67
Lissa, 67
4., 67
gave, 67
story, 67
Melanne, 67
second, 68
offer, 68
quite, 68
Conference, 68
Muslim, 68
Update, 68
w/, 68
else, 68
ambassador, 68
plans, 68
Netanyahu, 68
willing, 68
head, 68
ideas, 68
weapons, 68
events, 68
Global, 68
Some, 69
Calls, 69
become, 69
chance, 69
Burns, 69
increase, 69
friend, 69
concern, 69
developing, 69
years,, 69
remains, 69
resolution, 69
create, 69
he's, 69
'preines, 69
this., 69
re, 70
levels, 70
young, 70
additional, 70
Assistant, 70
morning., 70
yesterday, 70
31, 70
Kris, 70
ways, 70
Bush, 70
Cheryl,, 70
copy, 70
there., 70
difficult, 70
Does, 71
27,, 71
Oscar, 71
found, 71
makes, 71
secure, 71
country., 71
Jeffrey, 71
Europe, 71
3,, 71
announced, 71
Center, 71
crisis, 71
name, 71
print, 71
leading, 71
After, 71
agencies, 71
M;, 72
<JilotyLC@state.gov>, 72
R;, 72
taken, 72
vote, 72
Taliban, 72
establish, 72
intended, 72
include, 72
small, 73
hours, 73
Anne-Marie, 73
influence, 73
tonight, 73
Slaughter,, 73
Eastern, 73
America, 73
1., 73
E;, 73
calling, 73
protect, 73
regime, 73
focus, 73
Special, 73
NTC, 73
job, 73
Human, 74
action, 74
trade, 74
anything, 74
things, 74
probably, 74
went, 74
22, 74
often, 74
Burns,, 74
discussion, 75
death, 75
evening, 75
UK, 75
friends, 75
Craig, 75
13, 75
Did, 75
Defense, 75
chief, 75
level, 75
call., 75
program, 75
Libya,, 75
Northern, 75
1.4(D), 76
note, 76
31,, 76
OF, 76
Haitian, 76
Are, 76
especially, 76
EU, 76
Administration, 76
though, 76
'ValmoroU@state.gov';, 76
available, 77
open, 77
led, 77
F, 77
you,, 77
critical, 77
phone, 77
5,, 77
happy, 78
person, 78
2011, 78
held, 78
freedom, 78
18,, 78
Senator, 78
Let's, 78
Attachments:, 78
His, 79
date, 79
Gordon,, 79
less, 79
FYI, 79
While, 79
enough, 79
money, 79
<, 79
position, 79
times, 79
legal, 79
threat, 79
meetings, 80
line, 80
confirmed, 80
George, 80
conflict, 80
up., 80
27, 80
regarding, 80
Robert, 80
effective, 81
social, 81
B, 81
contact, 81
French, 81
step, 81
'ValmoroU@state.gov', 81
government., 81
potential, 81
approach, 81
needed, 82
them., 82
Clinton's, 82
(Source, 82
1,, 82
taking, 82
seems, 82
5, 82
lead, 82
percent, 82
four, 83
start, 83
him., 83
run, 83
week., 83
2., 83
request, 83
add, 83
calls, 83
return, 83
B5,B6, 83
13,, 83
video, 84
fact, 84
months, 84
Jake, 84
Middle, 84
William, 84
Hope, 84
million, 85
nuclear, 85
thank, 85
men, 85
Egyptian, 85
02, 85
response, 85
I'll, 85
ensure, 85
worked, 86
sbwhoeop, 86
hear, 86
Hanley,, 86
East, 86
kind, 86
3, 86
said,, 87
lot, 87
building, 87
Islamist, 87
ever, 87
16, 87
Egypt, 87
It's, 87
My, 88
Jewish, 88
diplomacy, 88
police, 88
met, 88
talking, 88
"I, 88
Kelly,, 88
diplomatic, 88
later, 88
rather, 88
7,, 88
intelligence, 88
THE, 88
leave, 89
Michael, 89
Sunday, 89
14, 89
oil, 89
6,, 89
Tom, 89
North, 89
Americans, 89
How, 90
individual,, 90
points, 90
Not, 90
time., 90
26,, 90
B;, 90
01, 90
05, 90
left, 90
little, 90
Speech, 90
top, 90
Chris, 90
dinner, 90
Comment:, 90
Pis, 90
regional, 91
well., 91
Daniel, 91
time,, 91
yet, 91
militias, 91
hard, 91
per, 91
Chinese, 91
looking, 91
days, 91
place, 91
world., 91
campaign, 92
love, 92
agree, 92
commitment, 92
ready, 92
Also, 92
share, 92
25, 92
Congress, 92
follow, 92
added, 92
noted, 92
Saudi, 92
17,, 93
I've, 93
night, 93
Monica, 93
according, 93
Holbrooke, 93
Embassy, 93
soon, 94
With, 94
Pakistan, 94
25,, 95
E, 95
Iraq, 95
Reines,, 95
war, 95
didn't, 95
Council, 95
Fyi, 95
International, 95
CONFIDENTIAL, 96
Gordon, 96
parties, 96
M, 96
real, 96
Government, 96
UN, 96
governments, 96
thru, 96
violence, 96
., 97
process, 97
Washington,, 97
British, 97
personal, 97
18, 97
Senate, 97
Obama's, 97
trip, 97
outside, 97
questions, 97
hold, 98
Ok, 98
within, 98
Qaddafi, 98
together, 99
el-Keib, 99
troops, 99
Just, 99
Islamic, 99
Monday, 100
full, 100
See, 100
Brown, 100
event, 100
By, 100
me., 100
tell, 100
11, 100
children, 100
others, 100
news, 100
attacks, 100
civil, 100
official, 101
order, 101
close, 101
control, 101
statement, 101
direct, 101
saying, 102
past, 102
stated, 102
heard, 102
used, 102
least, 102
strategy, 102
Jack, 102
either, 102
decision, 102
that,, 103
Let, 103
likely, 103
22,, 103
2,, 103
point, 103
James, 103
"The, 104
always, 104
major, 104
16,, 104
final, 104
party, 104
source,, 104
28, 104
peace, 104
leader, 104
can't, 105
Ok., 105
based, 105
10,, 105
24,, 105
20,, 105
idea, 105
private, 105
every, 105
update, 105
recent, 106
change, 106
read, 106
food, 106
China, 106
free, 106
reach, 106
something, 106
John, 107
Our, 107
No, 107
European, 107
received, 107
Blair, 107
06, 107
Also,, 107
fighting, 107
Thanks, 108
tomorrow., 108
across, 108
now., 108
30,, 108
FM, 108
fax, 108
Libya., 108
One, 109
bring, 109
care, 109
26, 109
build, 109
individual, 109
source, 109
please, 109
agreed, 109
relationship, 110
future, 111
leadership, 111
budget, 111
Sent, 111
29,, 111
17, 111
conference, 111
election, 111
12,, 111
Verma,, 112
keep, 112
Please, 113
21,, 113
power, 113
[mailto:HDR22@clintonemail.com], 113
community, 114
Israeli, 114
media, 115
home, 115
making, 115
Secretary's, 116
draft, 116
late, 116
Thank, 117
Africa, 117
Philippe, 117
print., 117
able, 117
far, 117
Turkey-Armenia, 118
seen, 118
07, 118
several, 118
Honduras, 119
Afghanistan, 119
Schedule, 119
28,, 119
Benghazi, 119
provide, 120
key, 120
15, 120
groups, 120
Security, 120
11,, 120
wants, 121
assistance, 121
year, 121
plan, 123
ask, 123
case, 123
following, 124
Iran, 124
clear, 124
1, 124
spoke, 125
came, 125
continue, 125
visit, 125
address, 126
I'd, 126
look, 126
Mr., 126
Mar, 126
getting, 126
trying, 127
Valmoro,, 127
opportunity, 127
coming, 127
end, 127
Dear, 127
possible, 128
concerned, 128
Jiloty,, 128
Israel, 128
A;, 128
From, 128
Afghan, 128
cannot, 129
14,, 129
Jalil, 129
business, 130
thought, 130
07/31/2015, 130
asking, 131
Davutoglu, 131
agreement, 132
aid, 132
needs, 132
senior, 132
24, 133
given, 133
<SullivanJJ@state.gov>, 133
information, 135
Bill, 135
When, 135
big, 135
staff, 135
says, 135
day, 136
really, 136
state, 137
rights, 137
among, 137
got, 137
global, 138
speak, 138
Philip, 138
list, 138
press, 138
o, 140
opinion, 140
23, 140
current, 141
sent, 141
schedule, 141
family, 141
group, 141
These, 141
sensitive, 142
Apr, 142
never, 143
Jim, 143
attack, 143
administration, 144
HRC, 144
23,, 145
put, 145
morning, 145
u, 145
local, 145
al, 146
DC, 146
21, 146
done, 147
access, 147
Lauren, 147
Is, 147
Ambassador, 148
better, 148
forward, 148
strong, 151
try, 152
message, 152
Nov, 152
believes, 153
20, 153
number, 154
issue, 154
issues, 154
letter, 155
role, 155
important, 155
members, 155
To, 156
Washington, 157
it's, 157
whether, 157
So, 158
president, 158
officials, 158
without, 158
health, 158
Jul, 158
team, 161
world, 162
economic, 162
29, 162
text, 162
move, 163
Office, 164
discuss, 164
Do, 164
memo, 165
particularly, 165
already, 165
Foreign, 165
find, 165
three, 166
office, 166
According, 166
situation, 167
Mr, 167
12, 167
H:, 167
All, 168
early, 168
House, 169
At, 169
said., 170
15,, 170
today., 171
Richard, 171
She, 171
White, 171
another, 172
use, 172
Will, 173
That, 174
human, 175
right, 177
great, 177
hope, 177
years, 178
part, 178
effort, 179
For, 180
forces, 180
meet, 180
Oct, 180
women, 180
international, 181
public, 181
might, 182
wanted, 183
'JilotyLC@state.gov', 184
send, 187
D;, 187
best, 188
10, 188
C, 190
week, 192
it., 193
you., 194
long, 194
countries, 196
Prime, 197
There, 197
Thx., 198
Lona, 198
report, 198
leaders, 199
today, 199
New, 201
Western, 202
email, 202
believe, 202
July, 202
Jun, 203
30, 204
efforts, 209
R, 210
give, 210
let, 210
Call, 211
Magariaf, 211
national, 212
sure, 212
country, 216
S, 216
General, 217
On, 218
H;, 218
say, 224
March, 224
set, 226
don't, 226
around, 227
including, 228
asked, 230
•, 230
policy, 231
David, 231
Pls, 232
You, 232
'millscd@state.gov', 232
National, 233
Libya, 234
tomorrow, 236
RE:, 236
February, 237
called, 239
since, 240
J;, 240
Feb, 241
development, 242
must, 242
<hrod17@clintonemail.com, 244
As, 244
deal, 250
speech, 251
Sep, 252
Hillary, 253
November, 253
April, 253
made, 254
way, 256
military, 260
pm, 261
They, 262
go, 267
August, 268
still, 269
come, 270
well, 273
even, 276
States, 276
FW:, 279
'sullivanjj@state.gov', 280
What, 283
going, 286
political, 286
June, 287
help, 290
Abedin, 291
next, 293
October, 294
working, 296
former, 296
told, 297
good, 297
Mon, 298
Tue, 300
take, 304
Haiti, 305
much, 309
'abedinh@state.gov', 311
If, 312
Jan, 313
meeting, 316
talk, 317
Sid, 319
first, 319
Thu, 324
American, 325
many, 327
B5, 333
Dec, 334
December, 335
Fri, 340
Thursday,, 345
Wed, 345
Libyan, 346
Obama, 348
foreign, 351
back, 351
2012, 356
two, 357
us, 359
think, 359
make, 361
Can, 363
Aug, 365
January, 365
Minister, 370
Monday,, 372
>, 373
US, 376
<MillsCD@state.gov>, 376
Wednesday,, 380
Tuesday,, 381
may, 390
I'm, 391
support, 392
--, 393
Friday,, 397
last, 417
But, 426
And, 428
Saturday,, 429
<HDR22@clintonemail.com>, 431
It, 431
United, 432
J, 435
security, 436
A, 441
Clinton, 456
want, 471
September, 473
people, 474
Sat, 479
see, 494
government, 497
Sunday,, 497
Sun, 504
work, 506
w, 508
Secretary, 512
need, 521
time, 523
He, 540
<AbedinH@state.gov>, 544
President, 546
could, 548
like, 559
COMM., 565
REDACTIONS., 565
WAIVER., 565
DEPT., 565
F-2015-04841, 566
05/13/2015, 566
SELECT, 568
SUBJECT, 568
PRODUCED, 568
AGREEMENT, 568
BENGHAZI, 568
HOUSE, 569
FOIA, 570
NO, 574
SENSITIVE, 575
INFORMATION, 579
one, 580
Jacob, 580
This, 580
STATE, 585
Fw:, 590
ON, 595
know, 606
new, 630
Sullivan,, 631
get, 634
May, 644
In, 661
said, 663
&, 684
—, 745
also, 748
D, 758
We, 777
Mills,, 839
FULL, 869
Abedin,, 907
Cc:, 931
Cheryl, 979
call, 1064
PART, 1114
B6, 1139
would, 1168
TO, 1171
AM, 1180
Huma, 1275
-, 1296
PM, 1601
<hrod17@clintonemail.com>, 1610
The, 1892
RELEASE, 1981
2010, 1995
IN, 2037
Re:, 2243
08/31/2015, 2379
Original, 2591
Message, 2604
2009, 3230
06/30/2015, 3252
I, 3781
H, 4388
Sent:, 5197
Subject:, 5204
To:, 5232
From:, 5309
F-2014-20439, 5753
Doc, 6322
Case, 6323
UNCLASSIFIED, 6329
Date:, 6358
Department, 6589
State, 6787
U.S., 6933
No., 12640
